<?xml version="1.0" encoding="utf-8"?>
<COLLADA xmlns="http://www.collada.org/2005/11/COLLADASchema" version="1.4.1" xmlns:xsi="http://www.w3.org/2001/XMLSchema-instance">
  <asset>
    <contributor>
      <author>Blender User</author>
      <authoring_tool>Blender 4.5.8 LTS commit date:2026-03-16, commit time:16:54, hash:d7359176d0d3</authoring_tool>
    </contributor>
    <created>2026-07-02T11:25:53</created>
    <modified>2026-07-02T11:25:53</modified>
    <unit name="meter" meter="1"/>
    <up_axis>Z_UP</up_axis>
  </asset>
  <library_cameras>
    <camera id="Camera-camera" name="Camera">
      <optics>
        <technique_common>
          <perspective>
            <xfov sid="xfov">39.59775</xfov>
            <aspect_ratio>1.777778</aspect_ratio>
            <znear sid="znear">0.1</znear>
            <zfar sid="zfar">100</zfar>
          </perspective>
        </technique_common>
      </optics>
      <extra>
        <technique profile="blender">
          <shiftx sid="shiftx" type="float">0</shiftx>
          <shifty sid="shifty" type="float">0</shifty>
          <dof_distance sid="dof_distance" type="float">10</dof_distance>
        </technique>
      </extra>
    </camera>
  </library_cameras>
  <library_lights>
    <light id="Light-light" name="Light">
      <technique_common>
        <point>
          <color sid="color">1000 1000 1000</color>
          <constant_attenuation>1</constant_attenuation>
          <linear_attenuation>0</linear_attenuation>
          <quadratic_attenuation>0</quadratic_attenuation>
        </point>
      </technique_common>
      <extra>
        <technique profile="blender">
          <type sid="type" type="int">0</type>
          <flag sid="flag" type="int">0</flag>
          <mode sid="mode" type="int">2097153</mode>
          <red sid="red" type="float">1</red>
          <green sid="green" type="float">1</green>
          <blue sid="blue" type="float">1</blue>
          <energy sid="blender_energy" type="float">1000</energy>
          <spotsize sid="spotsize" type="float">75</spotsize>
          <spotblend sid="spotblend" type="float">0.15</spotblend>
          <clipsta sid="clipsta" type="float">0.04999995</clipsta>
          <clipend sid="clipend" type="float">40</clipend>
          <radius sid="radius" type="float">0.1</radius>
          <area_shape sid="area_shape" type="int">1</area_shape>
          <area_size sid="area_size" type="float">0.1</area_size>
          <area_sizey sid="area_sizey" type="float">0.1</area_sizey>
          <area_sizez sid="area_sizez" type="float">1</area_sizez>
        </technique>
      </extra>
    </light>
  </library_lights>
  <library_effects>
    <effect id="Material_003-effect">
      <profile_COMMON>
        <newparam sid="Image_0-surface">
          <surface type="2D">
            <init_from>Image_0</init_from>
          </surface>
        </newparam>
        <newparam sid="Image_0-sampler">
          <sampler2D>
            <source>Image_0-surface</source>
          </sampler2D>
        </newparam>
        <technique sid="common">
          <lambert>
            <emission>
              <color sid="emission">0 0 0 1</color>
            </emission>
            <diffuse>
              <texture texture="Image_0-sampler" texcoord="UVMap"/>
            </diffuse>
            <index_of_refraction>
              <float sid="ior">1.5</float>
            </index_of_refraction>
          </lambert>
        </technique>
      </profile_COMMON>
    </effect>
    <effect id="Material_002-effect">
      <profile_COMMON>
        <newparam sid="Image_3-surface">
          <surface type="2D">
            <init_from>Image_3</init_from>
          </surface>
        </newparam>
        <newparam sid="Image_3-sampler">
          <sampler2D>
            <source>Image_3-surface</source>
          </sampler2D>
        </newparam>
        <technique sid="common">
          <lambert>
            <emission>
              <color sid="emission">0 0 0 1</color>
            </emission>
            <diffuse>
              <texture texture="Image_3-sampler" texcoord="UVMap"/>
            </diffuse>
            <index_of_refraction>
              <float sid="ior">1.5</float>
            </index_of_refraction>
          </lambert>
        </technique>
      </profile_COMMON>
    </effect>
  </library_effects>
  <library_images>
    <image id="Image_0" name="Image_0">
      <init_from>Image_0.jpg</init_from>
    </image>
    <image id="Image_3" name="Image_3">
      <init_from>Image_3.jpg</init_from>
    </image>
  </library_images>
  <library_materials>
    <material id="Material_003-material" name="Material.003">
      <instance_effect url="#Material_003-effect"/>
    </material>
    <material id="Material_002-material" name="Material.002">
      <instance_effect url="#Material_002-effect"/>
    </material>
  </library_materials>
  <library_geometries>
    <geometry id="defaultMaterial_001-mesh" name="defaultMaterial.001">
      <mesh>
        <source id="defaultMaterial_001-mesh-positions">
          <float_array id="defaultMaterial_001-mesh-positions-array" count="1029">0.859064 1.711619 0.419392 0.873369 1.725189 0.382298 0.730704 1.748469 0.382298 0.718832 1.734502 0.419392 0.70696 1.71229 0.445785 0.844759 1.690038 0.445287 0.8776 1.682606 0.438563 0.89876 1.697031 0.419392 0.913754 1.710348 0.382298 0.911992 0.189343 0.419392 0.927216 0.176494 0.382298 0.927216 0.294399 0.382298 0.911992 0.305237 0.419392 0.883842 0.314382 0.445735 0.883842 0.200185 0.445293 0.877599 0.1743 0.438565 0.89876 0.1587949 0.419392 0.913754 0.145416 0.382298 -0.773077 -0.02479499 0.419392 -0.787097 -0.04135996 0.382298 -0.675275 -0.03735297 0.382298 -0.663163 -0.02085697 0.419392 -0.65105 0.006936967 0.447282 -0.759057 0.003113985 0.446394 -0.774184 0.007362961 0.439054 -0.788736 -0.01373398 0.419392 -0.803028 -0.03010696 0.382298 -0.793956 1.840172 0.419392 -0.808338 1.855973 0.382298 -0.813325 1.71454 0.382298 -0.798943 1.701152 0.419392 -0.778838 1.687615 0.446087 -0.774475 1.824196 0.445267 -0.774184 1.850075 0.438553 -0.788736 1.869868 0.419392 -0.803028 1.886185 0.382298 -0.79177 6.46e-4 0.295026 -0.794264 0.1461679 0.295026 -0.679936 0.149399 0.295026 -0.679312 0.004478991 0.295026 -0.79177 6.46e-4 0.295026 -0.679312 0.004478991 0.295026 -0.679312 -0.03101897 0.306262 -0.79177 -0.03499996 0.306262 -0.79177 6.46e-4 0.295026 -0.803638 -0.02617096 0.315001 -0.807791 10e-5 0.306262 -0.812155 0.145707 0.306262 -0.794264 0.1461679 0.295026 -0.754384 1.818403 0.453936 -0.756878 1.682707 0.457216 -0.647636 1.679582 0.463779 -0.647013 1.814717 0.455886 -0.754384 1.818403 0.453936 -0.647013 1.814717 0.455886 -0.65105 1.849236 0.445754 -0.759057 1.853066 0.445267 -0.754384 1.818403 0.453936 -0.756878 1.682707 0.457216 0.395447 1.73099 0.461682 0.395447 1.608604 0.47533 0.703003 1.567838 0.461614 0.703003 1.682901 0.456009 0.395447 1.73099 0.461682 0.703003 1.682901 0.456009 0.397583 1.762251 0.447203 0.008587956 1.813395 0.448137 0.008741974 1.780219 0.465418 0.008741974 1.780219 0.465418 0.008741974 1.650337 0.484517 0.412534 0.09153497 0.295026 0.412534 0.222781 0.295026 0.734661 0.264929 0.295026 0.734661 0.141535 0.295026 0.412534 0.09153497 0.295026 0.734661 0.141535 0.295026 0.734661 0.11131 0.306262 0.412534 0.05938595 0.306262 0.007508993 0.006229996 0.306262 0.007508993 0.04034894 0.295026 0.007508993 0.04034894 0.295026 0.007508993 0.179635 0.295026 0.403991 0.06859499 0.419392 0.410398 0.05365097 0.382298 0.730704 0.105919 0.382298 0.718832 0.119971 0.419392 0.70696 0.143643 0.445632 0.397583 0.09376996 0.44656 0.008587956 0.04271495 0.447447 0.00812596 0.01599997 0.419392 0.007663965 1.43e-4 0.382298 -0.375177 1.865011 0.419392 -0.382291 1.881243 0.382298 -0.675275 1.891742 0.382298 -0.663163 1.87533 0.419392 -0.368062 1.839201 0.447183 0.00812596 1.838473 0.419392 0.007663965 1.854245 0.382298 0.412534 1.329696 0.295026 0.412534 1.640768 0.295026 0.734661 1.598071 0.295026 0.734661 1.305612 0.295026 0.734661 0.92862 0.295026 0.412534 0.928712 0.295026 0.007508993 0.928805 0.295026 0.007508993 1.354352 0.295026 0.007508993 1.684478 0.295026 0.395447 0.548833 0.498078 0.395447 0.254757 0.471473 0.703003 0.294998 0.460696 0.703003 0.571478 0.473539 0.703003 0.928668 0.481998 0.395447 0.928756 0.515584 0.008741974 0.928845 0.5389 0.008741974 0.525651 0.515955 0.008741974 0.2135609 0.480375 -0.764358 0.50767 0.471428 -0.756878 0.181608 0.463977 -0.647636 0.184693 0.472947 -0.649507 0.509406 0.489536 -0.650753 0.928908 0.497712 -0.769345 0.928915 0.474506 -0.764358 0.50767 0.471428 -0.769345 0.928915 0.474506 -0.800657 0.928911 0.450409 -0.79193 0.504922 0.44964 -0.778838 0.176735 0.447777 -0.756878 0.181608 0.463977 -0.801745 1.373476 0.295026 -0.794264 1.718381 0.295026 -0.679936 1.715108 0.295026 -0.681806 1.371629 0.295026 -0.683053 0.928871 0.295026 -0.806732 0.928878 0.295026 -0.801745 1.373476 0.295026 -0.806732 0.928878 0.295026 -0.833974 0.928879 0.306262 -0.825247 1.373739 0.306262 -0.812155 1.718848 0.306262 -0.794264 1.718381 0.295026 -0.813904 0.497336 0.419392 -0.828287 0.489833 0.382298 -0.813325 0.1499879 0.382298 -0.798943 0.1632879 0.419392 -0.823879 0.928898 0.419392 -0.838261 0.928884 0.382298 0.911992 1.282668 0.419392 0.927216 1.288794 0.382298 0.927216 1.568244 0.382298 0.911992 1.557352 0.419392 0.883842 1.548172 0.445726 0.883842 1.277508 0.446967 0.883842 0.928612 0.44779 0.911992 0.928589 0.419392 0.927216 0.92857 0.382298 -0.384663 1.366792 0.295026 -0.384663 1.706532 0.295026 -0.384663 0.928853 0.295026 -0.365691 0.513955 0.508743 -0.365691 0.192776 0.47964 -0.365691 0.928891 0.52606 -0.773077 1.879269 0.419392 -0.787097 1.895748 0.382298 -0.803028 1.886185 0.382298 -0.788736 1.869868 0.419392 -0.774184 1.850075 0.438553 -0.365691 1.805058 0.4616 -0.365691 1.671394 0.476773 -0.365691 1.805058 0.4616 -0.384663 0.01452195 0.295026 -0.384663 0.157864 0.295026 -0.384663 0.01452195 0.295026 -0.384663 -0.02058994 0.306262 -0.375177 -0.01053798 0.419392 -0.382291 -0.02685499 0.382298 -0.368062 0.016954 0.44766 0.83999 0.581565 0.460763 0.83999 0.312921 0.45581 0.883842 0.582381 0.446973 0.83999 0.928629 0.46403 0.83999 0.581565 0.460763 0.83999 0.928629 0.46403 0.83999 0.312921 0.45581 0.878138 1.294884 0.295026 0.878138 1.579053 0.295026 0.918752 1.57367 0.306262 0.918752 1.291848 0.306262 0.918752 0.928568 0.306262 0.878138 0.928579 0.295026 0.878138 1.294884 0.295026 0.878138 0.928579 0.295026 0.878138 1.579053 0.295026 0.859064 0.142855 0.419392 0.87337 0.129199 0.382298 0.913754 0.145416 0.382298 0.89876 0.1587949 0.419392 0.877599 0.1743 0.438565 0.844759 0.165857 0.445293 0.878138 0.163806 0.295026 0.878138 0.283701 0.295026 0.918752 0.289016 0.306262 0.918752 0.17011 0.306262 0.878138 0.163806 0.295026 0.908222 0.146817 0.315001 0.878138 0.134437 0.306262 0.878138 0.163806 0.295026 0.878138 0.283701 0.295026 0.83999 1.661482 0.454018 0.83999 1.549681 0.455773 0.883842 1.659704 0.445287 0.83999 1.661482 0.454018 0.83999 1.661482 0.454018 0.83999 1.549681 0.455773 0.403991 1.785879 0.419392 0.410398 1.800738 0.382298 0.83999 1.278366 0.460738 0.83999 1.278366 0.460738 0.703003 1.288608 0.47415 0.878138 1.696151 0.295026 0.878138 1.721322 0.306262 0.908222 1.71001 0.315001 0.879479 1.695941 0.295397 0.878138 1.696151 0.295026 0.879479 1.695941 0.295397 0.878138 1.695244 0.295026 0.878138 1.696151 0.295026 0.878138 1.695244 0.295026 0.734661 1.718584 0.295026 0.734661 1.718584 0.295026 0.734661 1.74449 0.306262 -0.365691 1.347021 0.506832 0.008741974 1.335143 0.518716 -0.649507 1.351639 0.483424 -0.384663 1.846529 0.295026 -0.384663 1.876623 0.306262 0.007508993 1.849755 0.306262 0.007508993 1.820513 0.295026 -0.384663 1.846529 0.295026 0.007508993 1.820513 0.295026 -0.679312 1.856645 0.295026 -0.679312 1.856645 0.295026 -0.679312 1.88707 0.306262 0.911992 1.67054 0.419392 0.927216 1.683398 0.382298 0.913754 1.710348 0.382298 0.89876 1.697031 0.419392 0.8776 1.682606 0.438563 -0.79177 1.860507 0.295026 -0.79177 1.891058 0.306262 -0.79177 1.860507 0.295026 -0.79177 1.860507 0.295026 -0.807791 1.861057 0.306262 -0.803638 1.883552 0.315001 0.412534 1.768952 0.295026 0.412534 1.796506 0.306262 0.412534 1.768952 0.295026 0.395447 1.311603 0.500649 -0.764358 1.353402 0.46692 -0.764358 1.353402 0.46692 -0.79193 1.356164 0.448513 -0.813904 1.363782 0.419392 -0.828287 1.371315 0.382298 0.878138 0.565072 0.295026 0.918752 0.568062 0.306262 0.878138 0.565072 0.295026 0.734661 0.554508 0.295026 0.83999 0.198449 0.454043 0.83999 0.198449 0.454043 0.83999 0.198449 0.454043 0.703003 0.177186 0.455397 0.703003 0.177186 0.455397 -0.384663 0.494259 0.295026 0.007508993 0.50651 0.295026 -0.681806 0.489495 0.295026 -0.365691 0.05591696 0.463511 0.008741974 0.080576 0.462657 -0.365691 0.05591696 0.463511 0.008741974 0.080576 0.462657 -0.647013 0.04632896 0.461998 -0.647013 0.04632896 0.461998 -0.793956 0.02094596 0.419392 -0.808338 0.005174994 0.382298 -0.803028 -0.03010696 0.382298 -0.788736 -0.01373398 0.419392 -0.774184 0.007362961 0.439054 -0.774475 0.03689098 0.446394 -0.754384 0.04266899 0.458444 -0.754384 0.04266899 0.458444 -0.754384 0.04266899 0.458444 0.395447 0.129447 0.45911 0.395447 0.129447 0.45911 0.412534 0.53079 0.295026 -0.801745 0.487677 0.295026 -0.801745 0.487677 0.295026 -0.825247 0.487418 0.306262 0.911992 0.577215 0.419392 0.927216 0.571098 0.382298 0.93229 0.569059 0.33997 0.93229 0.928564 0.33997 0.93229 0.290787 0.33997 -0.813132 -8.2e-5 0.33997 -0.807791 -0.035564 0.33997 -0.818119 0.145554 0.33997 -0.833081 1.373827 0.33997 -0.843055 0.928879 0.33997 -0.818119 1.719003 0.33997 0.93229 1.687683 0.33997 0.918752 1.6898 0.306262 0.908222 1.71001 0.315001 0.918752 1.714787 0.33997 0.93229 1.571876 0.33997 0.412534 1.805691 0.33997 0.007508993 1.859502 0.33997 0.734661 1.753125 0.33997 0.878138 0.124648 0.33997 0.918752 0.1409569 0.33997 0.734661 0.101235 0.33997 -0.384663 -0.03229397 0.33997 0.007508993 -0.005141973 0.33997 -0.679312 -0.04285198 0.33997 -0.79177 1.901241 0.33997 -0.807791 1.891624 0.33997 -0.679312 1.897212 0.33997 0.93229 1.290836 0.33997 -0.833081 0.487332 0.33997 -0.384663 1.886654 0.33997 0.412534 0.04866898 0.33997 -0.813132 1.86124 0.33997 -0.807791 1.891624 0.33997 -0.803638 1.883552 0.315001 -0.79177 -0.04688197 0.33997 -0.807791 -0.035564 0.33997 -0.803638 -0.02617096 0.315001 0.93229 0.172211 0.33997 0.918752 0.1409569 0.33997 0.908222 0.146817 0.315001 0.878138 1.729712 0.33997 0.918752 1.714787 0.33997 0.878138 1.695244 0.295026 0.879479 1.695941 0.295397 0.8776 1.682606 0.438563 0.83999 1.661482 0.454018 0.883842 1.659704 0.445287</float_array>
          <technique_common>
            <accessor source="#defaultMaterial_001-mesh-positions-array" count="343" stride="3">
              <param name="X" type="float"/>
              <param name="Y" type="float"/>
              <param name="Z" type="float"/>
            </accessor>
          </technique_common>
        </source>
        <source id="defaultMaterial_001-mesh-normals">
          <float_array id="defaultMaterial_001-mesh-normals-array" count="966">0.1362043 0.8327592 0.5366195 0.2140028 0.8008536 0.5593178 0.2484099 0.9292928 0.2733269 0.1555706 0.9533541 0.258677 0.1692944 0.4999063 0.8493722 0.09481048 0.5524404 0.828143 0.5253749 0.5917505 0.6114021 0.3471744 0.4427381 0.8267122 0.6360816 0.7077491 0.3073946 0.8236954 -8.11029e-4 0.567032 0.787234 -0.1604906 0.5954036 0.9379995 -0.2014532 0.282088 0.9678199 0 0.2516444 0.4414826 -0.1339116 0.8872209 0.4778223 -0.006100118 0.8784353 0.5475444 -0.5647956 0.617415 0.3598268 -0.4066691 0.8397291 0.6644841 -0.6806398 0.3085294 0.02848511 -0.8283125 0.5595419 -0.2238081 -0.7623793 0.6071967 -0.2786655 -0.9088032 0.3105193 0.03454005 -0.9639286 0.2639103 -0.2070987 -0.4702129 0.8579102 0.01218831 -0.5399006 0.8416406 -0.687379 -0.4046523 0.6031307 -0.5767587 -0.2801063 0.7673918 -0.8037255 -0.5025609 0.3185247 -0.8674511 0.03479456 0.4963043 -0.8467083 0.09550631 0.5234153 -0.9591287 0.1049497 0.2627884 -0.968454 0.03800827 0.2462766 -0.5784577 0.1161058 0.8074072 -0.6407169 0.03089511 0.7671554 -0.6614351 0.4371777 0.609409 -0.5349549 0.2986804 0.7903248 -0.7778868 0.5404888 0.3205684 0.005305111 -0.1528519 -0.9882349 -0.288375 -0.1592855 -0.9441758 -0.2665798 -0.007107436 -0.9637867 0 0 -1 -0.3239246 -0.6584833 -0.6793178 -0.2883549 -0.1593399 -0.9441728 0.005307018 -0.1529204 -0.9882243 0.02459537 -0.6961749 -0.7174509 -0.2884463 -0.1592718 -0.9441564 -0.8068624 -0.4054878 -0.4295961 -0.8165116 -0.1548975 -0.5561615 -0.2666749 -0.007106184 -0.9637604 -0.8207144 -0.0272026 -0.5706908 -0.0177077 0.1844859 0.9826757 -0.2030546 0.1315903 0.970285 -0.2756835 0.03691369 0.9605395 -0.05812269 0.0623123 0.9963629 -0.1838088 0.452825 0.8724471 -0.203071 0.1316329 0.9702757 -0.01769936 0.1845206 0.9826693 0.01190191 0.525194 0.8508994 -0.2031626 0.1315855 0.970263 -0.2757301 0.03689461 0.9605269 0.05140537 0.1996549 0.9785169 0.05218791 0.2596626 0.9642882 0.04709637 0.09270066 0.9945796 0.05509501 0.05219417 0.997116 0.09000182 0.5896248 0.8026471 0.05220288 0.259751 0.9642636 0.05139243 0.1997142 0.9785056 0.02800267 0.2874325 0.9573915 0.06040513 0.6045264 0.7942916 0.02799737 0.2873868 0.9574053 0.01110082 0.1139112 0.993429 0.02779197 -0.1757695 -0.9840391 0.02449011 -0.1690607 -0.9853013 0 0 -1 0.1042917 -0.7133862 -0.6929671 0.02450507 -0.1691483 -0.985286 0.02781307 -0.1758643 -0.9840215 0.1162033 -0.7212163 -0.6828938 0.01630401 -0.1626458 -0.9865498 0.07069635 -0.7078914 -0.7027745 0.01629388 -0.1625905 -0.9865591 0.1345247 -0.8231004 0.5517327 0.1222648 -0.8276607 0.5477492 0.1416976 -0.9554942 0.258752 0.1555147 -0.9530272 0.2599125 0.08168596 -0.5387837 0.8384745 0.08669215 -0.5144 0.8531572 0.08400332 -0.8332312 0.5465067 0.05759966 -0.5590941 0.8271011 0.09672075 -0.9611591 0.2584926 0.02890723 0.8315411 0.5547106 0.04352116 0.839261 0.5419843 0.05001741 0.9641695 0.2605298 0.03454941 0.9642681 0.2626663 0.02560526 0.5735577 0.8187649 0.08490043 0.843782 0.5299283 0.09675359 0.9614886 0.2572516 0.08469939 -0.03813451 0.9956765 0.06398969 -0.06428849 0.9958777 0.04220199 -0.08959674 0.9950836 0.04800134 -0.0509029 0.9975494 0.075899 -0.00289154 0.9971113 0.1050022 -0.001399517 0.994471 0.01608872 -0.07623171 0.9969604 0.01280206 -0.002120256 0.9999158 0.01810401 -0.1109191 0.9936646 -0.1051879 -0.03861171 0.9937025 -0.3911954 -0.02480781 0.9199732 -0.3458791 -0.04210758 0.9373338 -0.05769962 -0.0667997 0.9960967 -0.3968957 0.004407346 0.9178532 -0.1288056 0.005301654 0.9916557 -0.7144165 -0.02436488 0.6992964 -0.3912611 -0.02479249 0.9199457 -0.396962 0.004389107 0.9178246 -0.7083137 0.001298785 0.7058967 -0.3459581 -0.04208868 0.9373055 -0.6997187 -0.03340369 0.7136372 0 0 -1 -0.2271794 0.005192339 -0.9738391 -0.2666722 0.007107853 -0.9637611 0 0 -1 -0.2082899 1.89687e-6 -0.9780671 0 0 -1 -0.7852134 0.02239954 -0.61882 -0.2272406 0.005194127 -0.9738248 -0.208354 6.2359e-6 -0.9780535 -0.7671924 8.59756e-7 -0.6414172 -0.2667627 0.007105827 -0.9637361 -0.8207546 0.02730268 -0.5706283 -0.8735882 -0.03511643 0.4853975 -0.8748062 -0.02925121 0.4835894 -0.9694437 -0.03276652 0.2431156 -0.968507 -0.03783154 0.2460957 -0.8746767 6.26138e-5 0.4847069 -0.9708387 -9.91012e-5 0.2397338 0.8236353 7.98112e-4 0.5671193 0.828684 6.09461e-4 0.5597165 0.9678202 0 0.251643 0.9678196 0 0.251645 0.5105215 0.004895925 0.859851 0.4774813 0.006093204 0.8786209 0.8315274 2.24704e-7 0.5554838 0.527794 1.46051e-6 0.8493724 0.9678196 0 0.2516452 0 0 -1 -0.03981399 -0.0632205 0.9972051 -0.01352101 -0.09880024 0.9950155 -0.05796837 0.00200653 0.9983165 -0.6613861 0.4372427 0.6094157 -0.197398 0.7734555 0.6023294 -0.2453005 0.9197642 0.3063682 -0.7778528 0.5405089 0.3206168 -0.5349158 0.2987203 0.7903363 -0.0034011 0.2497853 0.9682953 -0.03050446 0.09780377 0.9947381 -0.003393471 0.2498408 0.968281 0.008092463 -0.1563814 -0.9876637 0.03640115 -0.7010215 -0.7122105 0.008099973 -0.1564611 -0.9876509 0.04371243 -0.8327335 0.5519458 0.05000102 -0.9638335 0.2617728 0.02910166 -0.5589074 0.8287193 0.5107254 -0.004903316 0.85973 0.1930454 -0.01639527 0.9810529 0.1432542 -0.02099311 0.9894633 0.2197061 -2.05026e-4 0.9755662 0.1929637 -0.01640033 0.9810689 0.2196852 -1.98302e-4 0.9755708 0.1431703 -0.02100741 0.9894751 0.6664227 0 -0.7455742 0.1345465 -6.4532e-6 -0.9909074 0.1345464 -6.3666e-6 -0.9909074 0.6664191 0 -0.7455773 0.1345461 -6.4532e-6 -0.9909074 0.6664195 0 -0.745577 0.1344898 6.45092e-6 -0.990915 0.5474755 -0.5648644 0.6174131 0.2226167 -0.788931 0.572739 0.2623338 -0.9245443 0.2764038 0.6644216 -0.6806913 0.3085504 0.1686243 -0.4722226 0.8652005 0.3597844 -0.4067326 0.8397166 0.6605147 -0.2197251 -0.7179424 0.1713298 -0.186092 -0.9674792 0.1345466 -6.45319e-6 -0.9909073 0.6664196 0 -0.745577 0.1713092 -0.1861535 -0.967471 0.5501598 -0.6176434 -0.5619972 0.2600114 -0.6945436 -0.6708229 0.17125 -0.1860684 -0.9674979 0.4397312 0.1493001 0.8856331 0.127822 0.1521856 0.9800516 0.1459231 0.0211994 0.9890689 0.127807 0.1522616 0.9800418 0.1458696 0.02120977 0.9890764 0.1277854 0.1521846 0.9800565 0.1241984 0.8386055 0.5303919 0.1417481 0.9558237 0.2575045 0.1948313 0.01589733 0.980708 0.08929866 0.0355826 0.9953691 0.1947613 0.01589298 0.9807219 0.3251905 0.2080347 -0.9224819 0.1815961 0.1982231 -0.9631876 0.2551033 0.7253249 -0.6393951 0.5274903 0.6646766 -0.5291118 0.1816129 0.1981457 -0.9632005 0.325161 0.2079576 -0.9225096 0.1345469 8.85019e-6 -0.9909073 0.03199505 0.2017819 -0.9789078 0.1815586 0.198153 -0.9632092 0.03201442 0.2018282 -0.9788976 0.1213064 0.7517375 -0.6482095 0.01081037 0.0724188 0.9973158 -0.05160552 0.06610459 0.9964773 -0.1055111 0.04718059 0.9932983 0.01881957 0.1871564 -0.9821499 0.009295701 0.1802199 -0.9835825 0.03809815 0.733067 -0.6790887 0.07389682 0.7392873 -0.6693233 0 0 -1 0.00930339 0.1801655 -0.9835923 0.01880556 0.1870486 -0.9821707 0.006089866 0.1761494 -0.9843446 0.006107926 0.1762403 -0.9843283 0.02580767 0.7284107 -0.6846547 0.5254419 0.5916733 0.6114194 0.7823053 0.1804755 0.596177 0.9313085 0.2269548 0.2848794 0.6361268 0.7076904 0.3074365 0.3472547 0.4426837 0.8267076 -0.2864862 0.181221 -0.9407895 -0.3100221 0.68783 -0.6563355 -0.2864565 0.1811525 -0.9408116 -0.812049 0.1769106 -0.5561288 -0.2865466 0.181189 -0.9407771 -0.7848854 0.4597473 -0.4154363 0.02831667 0.194352 -0.9805231 0.1090226 0.7443148 -0.6588699 0.02830606 0.1942671 -0.9805403 0.06681567 0.05921208 0.9960069 -0.3506751 0.03130453 0.9359738 -0.6809055 0.02599918 0.7319097 -0.3507487 0.03130495 0.9359464 -0.87068 0.02922677 0.4909809 -0.9695704 0.03259193 0.2426338 0.666422 0 -0.7455747 0.1345461 -6.4532e-6 -0.9909074 0.1243062 -0.1348383 0.9830395 0.1243181 -0.1347945 0.983044 0.04130804 -0.1690583 0.9847401 0.1242838 -0.134781 0.9830502 0.04129356 -0.16912 0.9847301 0 0 -1 0.02900582 -0.2457422 0.9689012 0.008399128 -0.2438068 0.9697875 0.0083974 -0.2437748 0.9697955 0.02900362 -0.245671 0.9689193 -0.01650547 -0.2130738 0.9768967 -0.01648628 -0.21311 0.9768891 -0.6874238 -0.40459 0.6031215 -0.8545141 -0.08621042 0.512224 -0.9611735 -0.09220558 0.2600837 -0.8037687 -0.5024815 0.3185409 -0.6474037 -0.1081073 0.7544412 -0.5767938 -0.2800877 0.767372 -0.2704808 -0.158508 0.9495869 -0.2704615 -0.1584529 0.9496017 -0.2705535 -0.1584835 0.9495703 0.04250818 -0.2133345 0.9760541 0.04249918 -0.2132871 0.9760648 0 0 -1 -0.2271771 -0.005290865 -0.9738391 -0.7851971 -0.02259749 -0.6188336 -0.2272391 -0.005289554 -0.9738246 0.8286836 -6.09474e-4 0.5597172 0.9678202 0 0.2516428 0.9913926 0 -0.1309237 0.9913923 0 -0.1309251 0.9913923 0 -0.1309252 -0.8435675 -0.5344226 -0.05278736 -0.9946221 -0.1002029 -0.02620017 -0.9987213 -0.03759956 -0.03379464 -0.9978179 -9.9949e-5 -0.0660265 -0.9980065 0.03199928 -0.05439782 -0.9987136 0.03780043 -0.03379786 0.6714456 0.7361141 -0.08542239 0.9642403 0.2378063 -0.1169998 0.6590079 0.2452266 -0.7110363 0.5275311 0.6646194 -0.5291427 0.9913923 0 -0.1309258 0.09945452 0.992009 -0.07763367 0.145518 0.9868531 -0.07032519 0.16031 0.9850273 -0.06342083 0.6993779 -0.7081283 -0.09708195 0.2761935 -0.9577434 -0.08027988 0.1600346 -0.9836232 -0.08291113 0.09920912 -0.99016 -0.09869605 0.05161231 -0.9932938 -0.1034581 0.03557783 -0.9938415 -0.1049445 -0.818094 0.573345 -0.04469627 -0.2687166 0.960539 -0.07180714 0.03552484 0.995882 -0.08340823 0.9913924 0 -0.1309245 -0.9979972 -0.03229635 -0.05439156 0.05170357 0.9953306 -0.08150875 0.1457459 -0.9851777 -0.09046089 -0.993137 0.1142098 -0.02520579 -0.8181393 0.5732809 -0.04468894 -0.7849378 0.4596895 -0.4154016 -0.301922 -0.9491119 -0.08960914 -0.8435329 -0.5344763 -0.05279666 -0.8068033 -0.4055448 -0.4296534 0.9698543 -0.2116272 -0.1208161 0.6994308 -0.7080709 -0.09712064 0.5502223 -0.6175587 -0.5620291 0.2618073 0.9631133 -0.0622071 0.6713899 0.7361659 -0.0854128 0.1345275 -4.68269e-6 -0.9909099 0.3251803 0.2079774 -0.9224984 0.347177 0.442663 0.8267513 0.1278032 0.1522361 0.9800462 0.4396945 0.1493535 0.8856424</float_array>
          <technique_common>
            <accessor source="#defaultMaterial_001-mesh-normals-array" count="322" stride="3">
              <param name="X" type="float"/>
              <param name="Y" type="float"/>
              <param name="Z" type="float"/>
            </accessor>
          </technique_common>
        </source>
        <source id="defaultMaterial_001-mesh-map-0">
          <float_array id="defaultMaterial_001-mesh-map-0-array" count="3096">0.52943 0.510003 0.498329 0.509918 0.495004 0.531289 0.495004 0.531289 0.526593 0.531344 0.52943 0.510003 0.50198 0.495171 0.498329 0.509918 0.52943 0.510003 0.52943 0.510003 0.531759 0.494787 0.50198 0.495171 0.489128 0.50985 0.498329 0.509918 0.50198 0.495171 0.50198 0.495171 0.4941 0.498847 0.489128 0.50985 0.495004 0.531289 0.498329 0.509918 0.489128 0.50985 0.489128 0.50985 0.485597 0.53126 0.495004 0.531289 0.923734 0.709324 0.949102 0.709314 0.951678 0.688663 0.951678 0.688663 0.925923 0.688686 0.923734 0.709324 0.945454 0.723275 0.949102 0.709314 0.923734 0.709324 0.923734 0.709324 0.92217 0.723902 0.945454 0.723275 0.956255 0.709389 0.949102 0.709314 0.945454 0.723275 0.945454 0.723275 0.952113 0.719906 0.956255 0.709389 0.951678 0.688663 0.949102 0.709314 0.956255 0.709389 0.956255 0.709389 0.959066 0.688678 0.951678 0.688663 0.04139494 0.493954 0.01787996 0.494039 0.01563799 0.527775 0.01563799 0.527775 0.03952395 0.527633 0.04139494 0.493954 0.02180397 0.470137 0.01787996 0.494039 0.04139494 0.493954 0.04139494 0.493954 0.04343998 0.46877 0.02180397 0.470137 0.01384896 0.49395 0.01787996 0.494039 0.02180397 0.470137 0.02180397 0.470137 0.01733195 0.476338 0.01384896 0.49395 0.01563799 0.527775 0.01787996 0.494039 0.01384896 0.49395 0.01384896 0.49395 0.01147997 0.527761 0.01563799 0.527775 0.07002598 0.725665 0.04066896 0.725659 0.03745198 0.750412 0.03745198 0.750412 0.06729197 0.750407 0.07002598 0.725665 0.044348 0.708532 0.04066896 0.725659 0.07002598 0.725665 0.07002598 0.725665 0.07265698 0.707841 0.044348 0.708532 0.03433597 0.725634 0.04066896 0.725659 0.044348 0.708532 0.044348 0.708532 0.03870499 0.712895 0.03433597 0.725634 0.03745198 0.750412 0.04066896 0.725659 0.03433597 0.725634 0.03433597 0.725634 0.03098595 0.750406 0.03745198 0.750412 0.759952 0.08918201 0.760656 0.068717 0.734174 0.06825399 0.734174 0.06825399 0.733579 0.08905899 0.759952 0.08918201 0.019701 0.595582 0.01583898 0.6056661 0.04023796 0.606751 0.04023796 0.606751 0.04192698 0.596178 0.019701 0.595582 0.42967 0.808316 0.434537 0.795062 0.428825 0.800804 0.398818 0.808528 0.42967 0.808316 0.428825 0.800804 0.428825 0.800804 0.39842 0.800941 0.398818 0.808528 0.01901596 0.362636 0.01738899 0.386557 0.04806399 0.386829 0.04806399 0.386829 0.05333399 0.359275 0.01901596 0.362636 0.849864 0.496444 0.852132 0.491416 0.828901 0.489717 0.828901 0.489717 0.828181 0.495767 0.849864 0.496444 0.04458397 0.702662 0.03870499 0.712895 0.044348 0.708532 0.07313597 0.700284 0.04458397 0.702662 0.044348 0.708532 0.044348 0.708532 0.07265698 0.707841 0.07313597 0.700284 0.04490095 0.06493902 0.03503096 0.133076 0.07337898 0.1393129 0.07337898 0.1393129 0.07285296 0.06733101 0.04490095 0.06493902 0.600004 0.494058 0.599701 0.485509 0.531306 0.488681 0.531306 0.488681 0.531759 0.494787 0.600004 0.494058 0.685408 0.483599 0.599701 0.485509 0.600004 0.494058 0.600004 0.494058 0.685718 0.493739 0.685408 0.483599 0.07337898 0.1393129 0.03503096 0.133076 0.02503395 0.217206 0.02503395 0.217206 0.07369595 0.218563 0.07337898 0.1393129 0.73492 0.346494 0.74404 0.287875 0.720155 0.287867 0.720155 0.287867 0.712465 0.346486 0.73492 0.346494 0.275412 0.595956 0.276819 0.606726 0.347579 0.606061 0.347579 0.606061 0.345501 0.595343 0.275412 0.595956 0.188499 0.607141 0.276819 0.606726 0.275412 0.595956 0.275412 0.595956 0.18757 0.596346 0.188499 0.607141 0.720155 0.287867 0.74404 0.287875 0.75338 0.2141699 0.75338 0.2141699 0.728033 0.2141609 0.720155 0.287867 0.338265 0.491586 0.269919 0.492109 0.272348 0.526141 0.272348 0.526141 0.342028 0.525631 0.338265 0.491586 0.268229 0.467021 0.269919 0.492109 0.338265 0.491586 0.338265 0.491586 0.335348 0.467454 0.268229 0.467021 0.184447 0.492786 0.269919 0.492109 0.268229 0.467021 0.268229 0.467021 0.1838279 0.466941 0.184447 0.492786 0.272348 0.526141 0.269919 0.492109 0.184447 0.492786 0.184447 0.492786 0.185439 0.5267331 0.272348 0.526141 0.830872 0.510638 0.768868 0.510507 0.770295 0.531667 0.770295 0.531667 0.833802 0.5317 0.830872 0.510638 0.767832 0.494532 0.768868 0.510507 0.830872 0.510638 0.830872 0.510638 0.828181 0.495767 0.767832 0.494532 0.685718 0.510312 0.768868 0.510507 0.767832 0.494532 0.767832 0.494532 0.685718 0.493739 0.685718 0.510312 0.770295 0.531667 0.768868 0.510507 0.685718 0.510312 0.685718 0.510312 0.685625 0.531575 0.770295 0.531667 0.523077 0.34642 0.518714 0.287797 0.462104 0.287777 0.462104 0.287777 0.469854 0.346402 0.523077 0.34642 0.591687 0.287822 0.518714 0.287797 0.523077 0.34642 0.523077 0.34642 0.591683 0.346444 0.591687 0.287822 0.514253 0.214087 0.518714 0.287797 0.591687 0.287822 0.591687 0.287822 0.591695 0.214114 0.514253 0.214087 0.462104 0.287777 0.518714 0.287797 0.514253 0.214087 0.514253 0.214087 0.454175 0.214066 0.462104 0.287777 0.285372 0.070248 0.29654 0.1304709 0.355962 0.129854 0.355962 0.129854 0.349978 0.05962997 0.285372 0.070248 0.212567 0.1468049 0.29654 0.1304709 0.285372 0.070248 0.285372 0.070248 0.211666 0.07899898 0.212567 0.1468049 0.290578 0.217745 0.29654 0.1304709 0.212567 0.1468049 0.212567 0.1468049 0.213749 0.2216089 0.290578 0.217745 0.355962 0.129854 0.29654 0.1304709 0.290578 0.217745 0.290578 0.217745 0.360119 0.210662 0.355962 0.129854 0.295465 0.33816 0.305874 0.381068 0.377025 0.373203 0.377025 0.373203 0.368442 0.344363 0.295465 0.33816 0.216172 0.388944 0.305874 0.381068 0.295465 0.33816 0.295465 0.33816 0.216258 0.335724 0.216172 0.388944 0.322114 0.705234 0.321599 0.690542 0.232439 0.688561 0.232439 0.688561 0.232583 0.7048071 0.322114 0.705234 0.39065 0.695508 0.321599 0.690542 0.322114 0.705234 0.322114 0.705234 0.39138 0.706432 0.39065 0.695508 0.511152 0.088642 0.510824 0.06681501 0.448056 0.06815397 0.448056 0.06815397 0.448644 0.08895999 0.511152 0.088642 0.591734 0.06593501 0.510824 0.06681501 0.511152 0.088642 0.511152 0.088642 0.591727 0.08844298 0.591734 0.06593501 0.1393679 0.801138 0.139267 0.808807 0.233277 0.808807 0.233277 0.808807 0.233236 0.801079 0.1393679 0.801138 0.06630295 0.808673 0.139267 0.808807 0.1393679 0.801138 0.1393679 0.801138 0.06668299 0.801091 0.06630295 0.808673 0.394268 0.725422 0.323759 0.725494 0.325491 0.75027 0.325491 0.75027 0.397243 0.750205 0.394268 0.725422 0.322114 0.705234 0.323759 0.725494 0.394268 0.725422 0.394268 0.725422 0.39138 0.706432 0.322114 0.705234 0.2327589 0.725575 0.323759 0.725494 0.322114 0.705234 0.322114 0.705234 0.232583 0.7048071 0.2327589 0.725575 0.325491 0.75027 0.323759 0.725494 0.2327589 0.725575 0.2327589 0.725575 0.232939 0.750339 0.325491 0.75027 0.650141 0.710086 0.710389 0.709974 0.708282 0.689131 0.708282 0.689131 0.647056 0.689266 0.650141 0.710086 0.712101 0.725575 0.710389 0.709974 0.650141 0.710086 0.650141 0.710086 0.652416 0.724996 0.712101 0.725575 0.788038 0.709771 0.710389 0.709974 0.712101 0.725575 0.712101 0.725575 0.78891 0.725802 0.788038 0.709771 0.708282 0.689131 0.710389 0.709974 0.788038 0.709771 0.788038 0.709771 0.787218 0.688947 0.708282 0.689131 0.514253 0.214087 0.512014 0.142717 0.450186 0.142696 0.450186 0.142696 0.454175 0.214066 0.514253 0.214087 0.591712 0.142745 0.512014 0.142717 0.514253 0.214087 0.514253 0.214087 0.591695 0.214114 0.591712 0.142745 0.511152 0.088642 0.512014 0.142717 0.591712 0.142745 0.591712 0.142745 0.591727 0.08844298 0.511152 0.088642 0.450186 0.142696 0.512014 0.142717 0.511152 0.088642 0.511152 0.088642 0.448644 0.08895999 0.450186 0.142696 0.290578 0.217745 0.299844 0.292823 0.363339 0.285236 0.363339 0.285236 0.360119 0.210662 0.290578 0.217745 0.215421 0.284126 0.299844 0.292823 0.290578 0.217745 0.290578 0.217745 0.213749 0.2216089 0.215421 0.284126 0.295465 0.33816 0.299844 0.292823 0.215421 0.284126 0.215421 0.284126 0.216258 0.335724 0.295465 0.33816 0.363339 0.285236 0.299844 0.292823 0.295465 0.33816 0.295465 0.33816 0.368442 0.344363 0.363339 0.285236 0.858656 0.510552 0.854777 0.510613 0.858049 0.531707 0.858049 0.531707 0.862068 0.531689 0.858656 0.510552 0.849864 0.496444 0.854777 0.510613 0.858656 0.510552 0.858656 0.510552 0.854283 0.499914 0.849864 0.496444 0.830872 0.510638 0.854777 0.510613 0.849864 0.496444 0.849864 0.496444 0.828181 0.495767 0.830872 0.510638 0.858049 0.531707 0.854777 0.510613 0.830872 0.510638 0.830872 0.510638 0.833802 0.5317 0.858049 0.531707 0.02503395 0.217206 0.02113097 0.299505 0.06400299 0.29405 0.06400299 0.29405 0.07369595 0.218563 0.02503395 0.217206 0.767832 0.494532 0.767636 0.486024 0.685408 0.483599 0.685408 0.483599 0.685718 0.493739 0.767832 0.494532 0.828901 0.489717 0.767636 0.486024 0.767832 0.494532 0.767832 0.494532 0.828181 0.495767 0.828901 0.489717 0.06400299 0.29405 0.02113097 0.299505 0.01901596 0.362636 0.01901596 0.362636 0.05333399 0.359275 0.06400299 0.29405 0.75338 0.2141699 0.758105 0.142803 0.732019 0.142794 0.732019 0.142794 0.728033 0.2141609 0.75338 0.2141699 0.103457 0.596566 0.103637 0.607332 0.188499 0.607141 0.188499 0.607141 0.18757 0.596346 0.103457 0.596566 0.04023796 0.606751 0.103637 0.607332 0.103457 0.596566 0.103457 0.596566 0.04192698 0.596178 0.04023796 0.606751 0.732019 0.142794 0.758105 0.142803 0.759952 0.08918201 0.759952 0.08918201 0.733579 0.08905899 0.732019 0.142794 0.184447 0.492786 0.102548 0.493473 0.102069 0.52727 0.102069 0.52727 0.185439 0.5267331 0.184447 0.492786 0.102952 0.467516 0.102548 0.493473 0.184447 0.492786 0.184447 0.492786 0.1838279 0.466941 0.102952 0.467516 0.04139494 0.493954 0.102548 0.493473 0.102952 0.467516 0.102952 0.467516 0.04343998 0.46877 0.04139494 0.493954 0.102069 0.52727 0.102548 0.493473 0.04139494 0.493954 0.04139494 0.493954 0.03952395 0.527633 0.102069 0.52727 0.864701 0.725028 0.865759 0.73311 0.924276 0.72991 0.924276 0.72991 0.92217 0.723902 0.864701 0.725028 0.789505 0.73526 0.865759 0.73311 0.864701 0.725028 0.864701 0.725028 0.78891 0.725802 0.789505 0.73526 0.285372 0.070248 0.286845 0.03008002 0.210677 0.03118097 0.210677 0.03118097 0.211666 0.07899898 0.285372 0.070248 0.346561 0.02754497 0.286845 0.03008002 0.285372 0.070248 0.285372 0.070248 0.349978 0.05962997 0.346561 0.02754497 0.705616 0.646403 0.704218 0.639631 0.640729 0.64028 0.640729 0.64028 0.644166 0.6469751 0.705616 0.646403 0.7857 0.639333 0.704218 0.639631 0.705616 0.646403 0.705616 0.646403 0.785901 0.646113 0.7857 0.639333 0.523077 0.34642 0.52502 0.372532 0.591682 0.372555 0.591682 0.372555 0.591683 0.346444 0.523077 0.34642 0.473306 0.372514 0.52502 0.372532 0.523077 0.34642 0.523077 0.34642 0.469854 0.346402 0.473306 0.372514 0.378055 0.491123 0.368905 0.491295 0.373142 0.525395 0.373142 0.525395 0.382512 0.5253 0.378055 0.491123 0.364496 0.467849 0.368905 0.491295 0.378055 0.491123 0.378055 0.491123 0.372572 0.473602 0.364496 0.467849 0.338265 0.491586 0.368905 0.491295 0.364496 0.467849 0.364496 0.467849 0.335348 0.467454 0.338265 0.491586 0.373142 0.525395 0.368905 0.491295 0.338265 0.491586 0.338265 0.491586 0.342028 0.525631 0.373142 0.525395 0.951215 0.646691 0.956338 0.640433 0.929365 0.6397261 0.929365 0.6397261 0.926467 0.64643 0.951215 0.646691 0.379229 0.605233 0.38305 0.587141 0.375999 0.594905 0.347579 0.606061 0.379229 0.605233 0.375999 0.594905 0.375999 0.594905 0.345501 0.595343 0.347579 0.606061 0.709039 0.372596 0.730858 0.372603 0.73492 0.346494 0.73492 0.346494 0.712465 0.346486 0.709039 0.372596 0.627815 0.724776 0.627439 0.730274 0.652171 0.731166 0.652171 0.731166 0.652416 0.724996 0.627815 0.724776 0.50097 0.489977 0.4941 0.498847 0.50198 0.495171 0.531306 0.488681 0.50097 0.489977 0.50198 0.495171 0.50198 0.495171 0.531759 0.494787 0.531306 0.488681 0.074023 0.03446197 0.04952096 0.03487402 0.04490095 0.06493902 0.04490095 0.06493902 0.07285296 0.06733101 0.074023 0.03446197 0.685718 0.510312 0.598886 0.510134 0.597352 0.531457 0.597352 0.531457 0.685625 0.531575 0.685718 0.510312 0.600004 0.494058 0.598886 0.510134 0.685718 0.510312 0.685718 0.510312 0.685718 0.493739 0.600004 0.494058 0.52943 0.510003 0.598886 0.510134 0.600004 0.494058 0.600004 0.494058 0.531759 0.494787 0.52943 0.510003 0.597352 0.531457 0.598886 0.510134 0.52943 0.510003 0.52943 0.510003 0.526593 0.531344 0.597352 0.531457 0.712101 0.725575 0.71224 0.733718 0.789505 0.73526 0.789505 0.73526 0.78891 0.725802 0.712101 0.725575 0.652171 0.731166 0.71224 0.733718 0.712101 0.725575 0.712101 0.725575 0.652416 0.724996 0.652171 0.731166 0.137733 0.07433199 0.1341519 0.03355699 0.074023 0.03446197 0.074023 0.03446197 0.07285296 0.06733101 0.137733 0.07433199 0.210677 0.03118097 0.1341519 0.03355699 0.137733 0.07433199 0.137733 0.07433199 0.211666 0.07899898 0.210677 0.03118097 0.491049 0.581123 0.491388 0.581374 0.493788 0.574883 0.493788 0.574883 0.486598 0.570002 0.491049 0.581123 0.841573 0.154209 0.841573 0.154209 0.841573 0.154209 0.447922 0.346394 0.451996 0.372506 0.462651 0.372696 0.447922 0.346394 0.462651 0.372696 0.473306 0.372514 0.473306 0.372514 0.469854 0.346402 0.447922 0.346394 0.493788 0.574883 0.491388 0.581374 0.523486 0.581696 0.523486 0.581696 0.524976 0.575036 0.493788 0.574883 0.139953 0.2214509 0.129534 0.297604 0.215421 0.284126 0.215421 0.284126 0.213749 0.2216089 0.139953 0.2214509 0.06400299 0.29405 0.129534 0.297604 0.139953 0.2214509 0.139953 0.2214509 0.07369595 0.218563 0.06400299 0.29405 0.132894 0.347862 0.129534 0.297604 0.06400299 0.29405 0.06400299 0.29405 0.05333399 0.359275 0.132894 0.347862 0.215421 0.284126 0.129534 0.297604 0.132894 0.347862 0.132894 0.347862 0.216258 0.335724 0.215421 0.284126 0.684793 0.581857 0.770872 0.58175 0.770794 0.575084 0.770794 0.575084 0.685356 0.575172 0.684793 0.581857 0.450186 0.142696 0.424709 0.142687 0.429419 0.2140579 0.429419 0.2140579 0.454175 0.214066 0.450186 0.142696 0.422887 0.08906501 0.424709 0.142687 0.450186 0.142696 0.450186 0.142696 0.448644 0.08895999 0.422887 0.08906501 0.770794 0.575084 0.770872 0.58175 0.835211 0.581288 0.835211 0.581288 0.833539 0.574724 0.770794 0.575084 0.618848 0.710182 0.625344 0.710115 0.621822 0.689313 0.621822 0.689313 0.615224 0.689349 0.618848 0.710182 0.627815 0.724776 0.625344 0.710115 0.618848 0.710182 0.618848 0.710182 0.621834 0.721044 0.627815 0.724776 0.650141 0.710086 0.625344 0.710115 0.627815 0.724776 0.627815 0.724776 0.652416 0.724996 0.650141 0.710086 0.621822 0.689313 0.625344 0.710115 0.650141 0.710086 0.650141 0.710086 0.647056 0.689266 0.621822 0.689313 0.835211 0.581288 0.859948 0.580654 0.856384 0.574344 0.856384 0.574344 0.833539 0.574724 0.835211 0.581288 0.448056 0.06815397 0.422191 0.06859898 0.422887 0.08906501 0.422887 0.08906501 0.448644 0.08895999 0.448056 0.06815397 0.03705996 0.800967 0.03615397 0.808465 0.06630295 0.808673 0.06630295 0.808673 0.06668299 0.801091 0.03705996 0.800967 0.859948 0.580654 0.860301 0.569704 0.856384 0.574344 0.523486 0.581696 0.595224 0.581857 0.596191 0.575181 0.596191 0.575181 0.524976 0.575036 0.523486 0.581696 0.462104 0.287777 0.438777 0.287769 0.447922 0.346394 0.447922 0.346394 0.469854 0.346402 0.462104 0.287777 0.429419 0.2140579 0.438777 0.287769 0.462104 0.287777 0.462104 0.287777 0.454175 0.214066 0.429419 0.2140579 0.596191 0.575181 0.595224 0.581857 0.684793 0.581857 0.684793 0.581857 0.685356 0.575172 0.596191 0.575181 0.137733 0.07433199 0.1302379 0.1367089 0.212567 0.1468049 0.212567 0.1468049 0.211666 0.07899898 0.137733 0.07433199 0.07337898 0.1393129 0.1302379 0.1367089 0.137733 0.07433199 0.137733 0.07433199 0.07285296 0.06733101 0.07337898 0.1393129 0.139953 0.2214509 0.1302379 0.1367089 0.07337898 0.1393129 0.07337898 0.1393129 0.07369595 0.218563 0.139953 0.2214509 0.212567 0.1468049 0.1302379 0.1367089 0.139953 0.2214509 0.139953 0.2214509 0.213749 0.2216089 0.212567 0.1468049 0.132894 0.347862 0.123306 0.388943 0.216172 0.388944 0.216172 0.388944 0.216258 0.335724 0.132894 0.347862 0.04806399 0.386829 0.123306 0.388943 0.132894 0.347862 0.132894 0.347862 0.05333399 0.359275 0.04806399 0.386829 0.142416 0.706131 0.142669 0.693691 0.07313597 0.700284 0.07313597 0.700284 0.07265698 0.707841 0.142416 0.706131 0.232439 0.688561 0.142669 0.693691 0.142416 0.706131 0.142416 0.706131 0.232583 0.7048071 0.232439 0.688561 0.2327589 0.725575 0.141112 0.725631 0.139706 0.750389 0.139706 0.750389 0.232939 0.750339 0.2327589 0.725575 0.142416 0.706131 0.141112 0.725631 0.2327589 0.725575 0.2327589 0.725575 0.232583 0.7048071 0.142416 0.706131 0.07002598 0.725665 0.141112 0.725631 0.142416 0.706131 0.142416 0.706131 0.07265698 0.707841 0.07002598 0.725665 0.139706 0.750389 0.141112 0.725631 0.07002598 0.725665 0.07002598 0.725665 0.06729197 0.750407 0.139706 0.750389 0.865575 0.646106 0.86655 0.639333 0.7857 0.639333 0.7857 0.639333 0.785901 0.646113 0.865575 0.646106 0.929365 0.6397261 0.86655 0.639333 0.865575 0.646106 0.865575 0.646106 0.926467 0.64643 0.929365 0.6397261 0.659766 0.346468 0.657834 0.372578 0.709039 0.372596 0.709039 0.372596 0.712465 0.346486 0.659766 0.346468 0.591682 0.372555 0.657834 0.372578 0.659766 0.346468 0.659766 0.346468 0.591683 0.346444 0.591682 0.372555 0.365697 0.459468 0.364496 0.467849 0.372572 0.473602 0.924276 0.72991 0.949013 0.7283861 0.945454 0.723275 0.945454 0.723275 0.92217 0.723902 0.924276 0.72991 0.378214 0.05611002 0.371728 0.02645701 0.346561 0.02754497 0.346561 0.02754497 0.349978 0.05962997 0.378214 0.05611002 0.364496 0.467849 0.365697 0.459468 0.335791 0.45801 0.335791 0.45801 0.335348 0.467454 0.364496 0.467849 0.668546 0.214141 0.670801 0.142772 0.591712 0.142745 0.591712 0.142745 0.591695 0.214114 0.668546 0.214141 0.732019 0.142794 0.670801 0.142772 0.668546 0.214141 0.668546 0.214141 0.728033 0.2141609 0.732019 0.142794 0.671687 0.08869701 0.670801 0.142772 0.732019 0.142794 0.732019 0.142794 0.733579 0.08905899 0.671687 0.08869701 0.591712 0.142745 0.670801 0.142772 0.671687 0.08869701 0.671687 0.08869701 0.591727 0.08844298 0.591712 0.142745 0.183903 0.452524 0.102715 0.452524 0.102952 0.467516 0.102952 0.467516 0.1838279 0.466941 0.183903 0.452524 0.363339 0.285236 0.407974 0.288056 0.406999 0.20686 0.406999 0.20686 0.360119 0.210662 0.363339 0.285236 0.405758 0.348722 0.407974 0.288056 0.363339 0.285236 0.363339 0.285236 0.368442 0.344363 0.405758 0.348722 0.102952 0.467516 0.102715 0.452524 0.04194498 0.454953 0.04194498 0.454953 0.04343998 0.46877 0.102952 0.467516 0.431737 0.725359 0.424344 0.725387 0.427823 0.75018 0.427823 0.75018 0.435354 0.750166 0.431737 0.725359 0.420689 0.707384 0.424344 0.725387 0.431737 0.725359 0.431737 0.725359 0.427118 0.71222 0.420689 0.707384 0.394268 0.725422 0.424344 0.725387 0.420689 0.707384 0.420689 0.707384 0.39138 0.706432 0.394268 0.725422 0.427823 0.75018 0.424344 0.725387 0.394268 0.725422 0.394268 0.725422 0.397243 0.750205 0.427823 0.75018 0.04194498 0.454953 0.01920098 0.459078 0.02180397 0.470137 0.02180397 0.470137 0.04343998 0.46877 0.04194498 0.454953 0.377025 0.373203 0.409305 0.372865 0.405758 0.348722 0.405758 0.348722 0.368442 0.344363 0.377025 0.373203 0.420689 0.707384 0.420023 0.699261 0.39065 0.695508 0.39065 0.695508 0.39138 0.706432 0.420689 0.707384 0.01920098 0.459078 0.01733195 0.476338 0.02180397 0.470137 0.335791 0.45801 0.268407 0.455004 0.268229 0.467021 0.268229 0.467021 0.335348 0.467454 0.335791 0.45801 0.355962 0.129854 0.39304 0.1229299 0.378214 0.05611002 0.378214 0.05611002 0.349978 0.05962997 0.355962 0.129854 0.406999 0.20686 0.39304 0.1229299 0.355962 0.129854 0.355962 0.129854 0.360119 0.210662 0.406999 0.20686 0.268229 0.467021 0.268407 0.455004 0.183903 0.452524 0.183903 0.452524 0.1838279 0.466941 0.268229 0.467021 0.659766 0.346468 0.664102 0.287847 0.591687 0.287822 0.591687 0.287822 0.591683 0.346444 0.659766 0.346468 0.720155 0.287867 0.664102 0.287847 0.659766 0.346468 0.659766 0.346468 0.712465 0.346486 0.720155 0.287867 0.668546 0.214141 0.664102 0.287847 0.720155 0.287867 0.720155 0.287867 0.728033 0.2141609 0.668546 0.214141 0.591687 0.287822 0.664102 0.287847 0.668546 0.214141 0.668546 0.214141 0.591695 0.214114 0.591687 0.287822 0.671687 0.08869701 0.672025 0.06687098 0.591734 0.06593501 0.591734 0.06593501 0.591727 0.08844298 0.671687 0.08869701 0.734174 0.06825399 0.672025 0.06687098 0.671687 0.08869701 0.671687 0.08869701 0.733579 0.08905899 0.734174 0.06825399 0.326396 0.801044 0.326569 0.808713 0.398818 0.808528 0.398818 0.808528 0.39842 0.800941 0.326396 0.801044 0.233277 0.808807 0.326569 0.808713 0.326396 0.801044 0.326396 0.801044 0.233236 0.801079 0.233277 0.808807 0.788038 0.709771 0.864746 0.709513 0.865451 0.688775 0.865451 0.688775 0.787218 0.688947 0.788038 0.709771 0.864701 0.725028 0.864746 0.709513 0.788038 0.709771 0.788038 0.709771 0.78891 0.725802 0.864701 0.725028 0.923734 0.709324 0.864746 0.709513 0.864701 0.725028 0.864701 0.725028 0.92217 0.723902 0.923734 0.709324 0.865451 0.688775 0.864746 0.709513 0.923734 0.709324 0.923734 0.709324 0.925923 0.688686 0.865451 0.688775 0.786467 0.665189 0.865391 0.665093 0.865575 0.646106 0.865575 0.646106 0.785901 0.646113 0.786467 0.665189 0.865451 0.688775 0.865391 0.665093 0.786467 0.665189 0.786467 0.665189 0.787218 0.688947 0.865451 0.688775 0.92627 0.665088 0.865391 0.665093 0.865451 0.688775 0.865451 0.688775 0.925923 0.688686 0.92627 0.665088 0.865575 0.646106 0.865391 0.665093 0.92627 0.665088 0.92627 0.665088 0.926467 0.64643 0.865575 0.646106 0.436636 0.778444 0.429083 0.778442 0.428825 0.800804 0.428825 0.800804 0.434537 0.795062 0.436636 0.778444 0.427823 0.75018 0.429083 0.778442 0.436636 0.778444 0.436636 0.778444 0.435354 0.750166 0.427823 0.75018 0.398338 0.778458 0.429083 0.778442 0.427823 0.75018 0.427823 0.75018 0.397243 0.750205 0.398338 0.778458 0.428825 0.800804 0.429083 0.778442 0.398338 0.778458 0.398338 0.778458 0.39842 0.800941 0.428825 0.800804 0.233113 0.778571 0.139326 0.778619 0.1393679 0.801138 0.1393679 0.801138 0.233236 0.801079 0.233113 0.778571 0.139706 0.750389 0.139326 0.778619 0.233113 0.778571 0.233113 0.778571 0.232939 0.750339 0.139706 0.750389 0.06651097 0.778631 0.139326 0.778619 0.139706 0.750389 0.139706 0.750389 0.06729197 0.750407 0.06651097 0.778631 0.1393679 0.801138 0.139326 0.778619 0.06651097 0.778631 0.06651097 0.778631 0.06668299 0.801091 0.1393679 0.801138 0.613597 0.665671 0.620153 0.665677 0.620078 0.647333 0.620078 0.647333 0.614663 0.651893 0.613597 0.665671 0.621822 0.689313 0.620153 0.665677 0.613597 0.665671 0.613597 0.665671 0.615224 0.689349 0.621822 0.689313 0.645402 0.66562 0.620153 0.665677 0.621822 0.689313 0.621822 0.689313 0.647056 0.689266 0.645402 0.66562 0.620078 0.647333 0.620153 0.665677 0.645402 0.66562 0.645402 0.66562 0.644166 0.6469751 0.620078 0.647333 0.685486 0.555802 0.596645 0.555764 0.596191 0.575181 0.596191 0.575181 0.685356 0.575172 0.685486 0.555802 0.597352 0.531457 0.596645 0.555764 0.685486 0.555802 0.685486 0.555802 0.685625 0.531575 0.597352 0.531457 0.525472 0.55569 0.596645 0.555764 0.597352 0.531457 0.597352 0.531457 0.526593 0.531344 0.525472 0.55569 0.596191 0.575181 0.596645 0.555764 0.525472 0.55569 0.525472 0.55569 0.524976 0.575036 0.596191 0.575181 0.38477 0.564275 0.375391 0.564306 0.375999 0.594905 0.375999 0.594905 0.38305 0.587141 0.38477 0.564275 0.373142 0.525395 0.375391 0.564306 0.38477 0.564275 0.38477 0.564275 0.382512 0.5253 0.373142 0.525395 0.344159 0.564487 0.375391 0.564306 0.373142 0.525395 0.373142 0.525395 0.342028 0.525631 0.344159 0.564487 0.375999 0.594905 0.375391 0.564306 0.344159 0.564487 0.344159 0.564487 0.345501 0.595343 0.375999 0.594905 0.186613 0.565406 0.102855 0.565742 0.103457 0.596566 0.103457 0.596566 0.18757 0.596346 0.186613 0.565406 0.102069 0.52727 0.102855 0.565742 0.186613 0.565406 0.186613 0.565406 0.185439 0.5267331 0.102069 0.52727 0.04028296 0.566012 0.102855 0.565742 0.102069 0.52727 0.102069 0.52727 0.03952395 0.527633 0.04028296 0.566012 0.103457 0.596566 0.102855 0.565742 0.04028296 0.566012 0.04028296 0.566012 0.04192698 0.596178 0.103457 0.596566 0.862732 0.555827 0.858752 0.5558061 0.856384 0.574344 0.856384 0.574344 0.860301 0.569704 0.862732 0.555827 0.858049 0.531707 0.858752 0.5558061 0.862732 0.555827 0.862732 0.555827 0.862068 0.531689 0.858049 0.531707 0.834238 0.555757 0.858752 0.5558061 0.858049 0.531707 0.858049 0.531707 0.833802 0.5317 0.834238 0.555757 0.856384 0.574344 0.858752 0.5558061 0.834238 0.555757 0.834238 0.555757 0.833539 0.574724 0.856384 0.574344 0.645402 0.66562 0.706921 0.665401 0.705616 0.646403 0.705616 0.646403 0.644166 0.6469751 0.645402 0.66562 0.708282 0.689131 0.706921 0.665401 0.645402 0.66562 0.645402 0.66562 0.647056 0.689266 0.708282 0.689131 0.786467 0.665189 0.706921 0.665401 0.708282 0.689131 0.708282 0.689131 0.787218 0.688947 0.786467 0.665189 0.705616 0.646403 0.706921 0.665401 0.786467 0.665189 0.786467 0.665189 0.785901 0.646113 0.705616 0.646403 0.398338 0.778458 0.326199 0.778518 0.326396 0.801044 0.326396 0.801044 0.39842 0.800941 0.398338 0.778458 0.325491 0.75027 0.326199 0.778518 0.398338 0.778458 0.398338 0.778458 0.397243 0.750205 0.325491 0.75027 0.233113 0.778571 0.326199 0.778518 0.325491 0.75027 0.325491 0.75027 0.232939 0.750339 0.233113 0.778571 0.326396 0.801044 0.326199 0.778518 0.233113 0.778571 0.233113 0.778571 0.233236 0.801079 0.326396 0.801044 0.834238 0.555757 0.770607 0.555775 0.770794 0.575084 0.770794 0.575084 0.833539 0.574724 0.834238 0.555757 0.770295 0.531667 0.770607 0.555775 0.834238 0.555757 0.834238 0.555757 0.833802 0.5317 0.770295 0.531667 0.685486 0.555802 0.770607 0.555775 0.770295 0.531667 0.770295 0.531667 0.685625 0.531575 0.685486 0.555802 0.770794 0.575084 0.770607 0.555775 0.685486 0.555802 0.685486 0.555802 0.685356 0.575172 0.770794 0.575084 0.344159 0.564487 0.274081 0.564941 0.275412 0.595956 0.275412 0.595956 0.345501 0.595343 0.344159 0.564487 0.272348 0.526141 0.274081 0.564941 0.344159 0.564487 0.344159 0.564487 0.342028 0.525631 0.272348 0.526141 0.186613 0.565406 0.274081 0.564941 0.272348 0.526141 0.272348 0.526141 0.185439 0.5267331 0.186613 0.565406 0.275412 0.595956 0.274081 0.564941 0.186613 0.565406 0.186613 0.565406 0.18757 0.596346 0.275412 0.595956 0.06651097 0.778631 0.03650397 0.778647 0.03705996 0.800967 0.03705996 0.800967 0.06668299 0.801091 0.06651097 0.778631 0.03745198 0.750412 0.03650397 0.778647 0.06651097 0.778631 0.06651097 0.778631 0.06729197 0.750407 0.03745198 0.750412 0.03001999 0.778657 0.03650397 0.778647 0.03745198 0.750412 0.03745198 0.750412 0.03098595 0.750406 0.03001999 0.778657 0.03705996 0.800967 0.03650397 0.778647 0.03001999 0.778657 0.03001999 0.778657 0.03205394 0.795243 0.03705996 0.800967 0.04028296 0.566012 0.01612997 0.566224 0.019701 0.595582 0.019701 0.595582 0.04192698 0.596178 0.04028296 0.566012 0.01563799 0.527775 0.01612997 0.566224 0.04028296 0.566012 0.04028296 0.566012 0.03952395 0.527633 0.01563799 0.527775 0.01203197 0.566289 0.01612997 0.566224 0.01563799 0.527775 0.01563799 0.527775 0.01147997 0.527761 0.01203197 0.566289 0.019701 0.595582 0.01612997 0.566224 0.01203197 0.566289 0.01203197 0.566289 0.01529997 0.588317 0.019701 0.595582 0.92627 0.665088 0.952103 0.665059 0.951215 0.646691 0.951215 0.646691 0.926467 0.64643 0.92627 0.665088 0.951678 0.688663 0.952103 0.665059 0.92627 0.665088 0.92627 0.665088 0.925923 0.688686 0.951678 0.688663 0.959471 0.66503 0.952103 0.665059 0.951678 0.688663 0.951678 0.688663 0.959066 0.688678 0.959471 0.66503 0.951215 0.646691 0.952103 0.665059 0.959471 0.66503 0.959471 0.66503 0.95744 0.65124 0.951215 0.646691 0.525472 0.55569 0.493749 0.555666 0.493788 0.574883 0.493788 0.574883 0.524976 0.575036 0.525472 0.55569 0.495004 0.531289 0.493749 0.555666 0.525472 0.55569 0.525472 0.55569 0.526593 0.531344 0.495004 0.531289 0.484324 0.555669 0.493749 0.555666 0.495004 0.531289 0.495004 0.531289 0.485597 0.53126 0.484324 0.555669 0.493788 0.574883 0.493749 0.555666 0.484324 0.555669 0.484324 0.555669 0.486598 0.570002 0.493788 0.574883 0.854283 0.499914 0.852132 0.491416 0.849864 0.496444 0.03205394 0.795243 0.03615397 0.808465 0.03705996 0.800967 0.640729 0.64028 0.61459 0.641099 0.614547 0.64133 0.640729 0.64028 0.614547 0.64133 0.620078 0.647333 0.620078 0.647333 0.644166 0.6469751 0.640729 0.64028 0.614547 0.64133 0.614663 0.651893 0.620078 0.647333 0.787659 0.23526 0.798012 0.2388809 0.79123 0.2446939 0.952113 0.719906 0.945454 0.723275 0.949013 0.7283861 0.95744 0.65124 0.956338 0.640433 0.951215 0.646691 0.427118 0.71222 0.420023 0.699261 0.420689 0.707384 0.01529997 0.588317 0.01583898 0.6056661 0.019701 0.595582</float_array>
          <technique_common>
            <accessor source="#defaultMaterial_001-mesh-map-0-array" count="1548" stride="2">
              <param name="S" type="float"/>
              <param name="T" type="float"/>
            </accessor>
          </technique_common>
        </source>
        <vertices id="defaultMaterial_001-mesh-vertices">
          <input semantic="POSITION" source="#defaultMaterial_001-mesh-positions"/>
        </vertices>
        <triangles material="Material_003-material" count="516">
          <input semantic="VERTEX" source="#defaultMaterial_001-mesh-vertices" offset="0"/>
          <input semantic="NORMAL" source="#defaultMaterial_001-mesh-normals" offset="1"/>
          <input semantic="TEXCOORD" source="#defaultMaterial_001-mesh-map-0" offset="2" set="0"/>
          <p>3 0 0 0 1 1 1 2 2 1 2 3 2 3 4 3 0 5 5 4 6 0 1 7 3 0 8 3 0 9 4 5 10 5 4 11 7 6 12 0 1 13 5 4 14 5 4 15 6 7 16 7 6 17 1 2 18 0 1 19 7 6 20 7 6 21 8 8 22 1 2 23 12 9 24 9 10 25 10 11 26 10 11 27 11 12 28 12 9 29 14 13 30 9 10 31 12 9 32 12 9 33 13 14 34 14 13 35 16 15 36 9 10 37 14 13 38 14 13 39 15 16 40 16 15 41 10 11 42 9 10 43 16 15 44 16 15 45 17 17 46 10 11 47 21 18 48 18 19 49 19 20 50 19 20 51 20 21 52 21 18 53 23 22 54 18 19 55 21 18 56 21 18 57 22 23 58 23 22 59 25 24 60 18 19 61 23 22 62 23 22 63 24 25 64 25 24 65 19 20 66 18 19 67 25 24 68 25 24 69 26 26 70 19 20 71 30 27 72 27 28 73 28 29 74 28 29 75 29 30 76 30 27 77 32 31 78 27 28 79 30 27 80 30 27 81 31 32 82 32 31 83 34 33 84 27 28 85 32 31 86 32 31 87 33 34 88 34 33 89 28 29 90 27 28 91 34 33 92 34 33 93 35 35 94 28 29 95 39 36 96 36 37 97 37 38 98 37 38 99 38 39 100 39 36 101 43 40 102 40 41 103 41 42 104 41 42 105 42 43 106 43 40 107 44 44 108 45 45 109 46 46 110 48 47 111 44 44 112 46 46 113 46 46 114 47 48 115 48 47 116 52 49 117 49 50 118 50 51 119 50 51 120 51 52 121 52 49 122 56 53 123 53 54 124 54 55 125 54 55 126 55 56 127 56 53 128 57 57 129 33 34 130 32 31 131 58 58 132 57 57 133 32 31 134 32 31 135 31 32 136 58 58 137 62 59 138 59 60 139 60 61 140 60 61 141 61 62 142 62 59 143 65 63 144 63 64 145 64 65 146 64 65 147 4 5 148 65 63 149 67 66 150 63 64 151 65 63 152 65 63 153 66 67 154 67 66 155 60 61 156 59 60 157 68 68 158 68 68 159 69 69 160 60 61 161 73 70 162 70 71 163 71 72 164 71 72 165 72 72 166 73 70 167 77 73 168 74 74 169 75 75 170 75 75 171 76 76 172 77 73 173 79 77 174 74 74 175 77 73 176 77 73 177 78 78 178 79 77 179 71 72 180 70 71 181 80 79 182 80 79 183 81 72 184 71 72 185 85 80 186 82 81 187 83 82 188 83 82 189 84 83 190 85 80 191 87 84 192 82 81 193 85 80 194 85 80 195 86 85 196 87 84 197 89 86 198 82 81 199 87 84 200 87 84 201 88 87 202 89 86 203 83 82 204 82 81 205 89 86 206 89 86 207 90 88 208 83 82 209 94 89 210 91 90 211 92 91 212 92 91 213 93 92 214 94 89 215 95 93 216 91 90 217 94 89 218 94 89 219 55 56 220 95 93 221 96 94 222 91 90 223 95 93 224 95 93 225 66 67 226 96 94 227 92 91 228 91 90 229 96 94 230 96 94 231 97 95 232 92 91 233 101 72 234 98 72 235 99 72 236 99 72 237 100 72 238 101 72 239 103 72 240 98 72 241 101 72 242 101 72 243 102 72 244 103 72 245 105 72 246 98 72 247 103 72 248 103 72 249 104 72 250 105 72 251 99 72 252 98 72 253 105 72 254 105 72 255 106 72 256 99 72 257 110 96 258 107 97 259 108 98 260 108 98 261 109 99 262 110 96 263 112 100 264 107 97 265 110 96 266 110 96 267 111 101 268 112 100 269 114 102 270 107 97 271 112 100 272 112 100 273 113 103 274 114 102 275 108 98 276 107 97 277 114 102 278 114 102 279 115 104 280 108 98 281 119 105 282 116 106 283 117 107 284 117 107 285 118 108 286 119 105 287 121 109 288 116 106 289 119 105 290 119 105 291 120 110 292 121 109 293 125 111 294 122 112 295 123 113 296 123 113 297 124 114 298 125 111 299 127 115 300 122 112 301 125 111 302 125 111 303 126 116 304 127 115 305 131 117 306 128 118 307 129 119 308 129 119 309 130 120 310 131 117 311 133 121 312 128 118 313 131 117 314 131 117 315 132 122 316 133 121 317 137 123 318 134 124 319 135 125 320 135 125 321 136 126 322 137 123 323 139 127 324 134 124 325 137 123 326 137 123 327 138 128 328 139 127 329 143 129 330 140 130 331 141 131 332 141 131 333 142 132 334 143 129 335 125 111 336 140 130 337 143 129 338 143 129 339 126 116 340 125 111 341 144 133 342 140 130 343 125 111 344 125 111 345 124 114 346 144 133 347 141 131 348 140 130 349 144 133 350 144 133 351 145 134 352 141 131 353 149 135 354 146 136 355 147 137 356 147 137 357 148 138 358 149 135 359 151 139 360 146 136 361 149 135 362 149 135 363 150 140 364 151 139 365 153 141 366 146 136 367 151 139 368 151 139 369 152 142 370 153 141 371 147 137 372 146 136 373 153 141 374 153 141 375 154 143 376 147 137 377 105 72 378 155 72 379 156 72 380 156 72 381 106 72 382 105 72 383 157 72 384 155 72 385 105 72 386 105 72 387 104 72 388 157 72 389 131 72 390 155 72 391 157 72 392 157 144 393 132 144 394 131 144 395 156 72 396 155 72 397 131 72 398 131 72 399 130 72 400 156 72 401 114 102 402 158 145 403 159 146 404 159 146 405 115 104 406 114 102 407 160 147 408 158 145 409 114 102 410 114 102 411 113 103 412 160 147 413 119 105 414 158 145 415 160 147 416 160 147 417 120 110 418 119 105 419 159 146 420 158 145 421 119 105 422 119 105 423 118 108 424 159 146 425 164 148 426 161 149 427 162 150 428 162 150 429 163 151 430 164 148 431 56 53 432 161 149 433 164 148 434 164 148 435 165 152 436 56 53 437 94 89 438 161 149 439 56 53 440 56 53 441 55 56 442 94 89 443 162 150 444 161 149 445 94 89 446 94 89 447 93 92 448 162 150 449 68 68 450 166 153 451 167 154 452 167 154 453 69 69 454 68 68 455 95 93 456 168 155 457 67 66 458 67 66 459 66 67 460 95 93 461 54 55 462 168 155 463 95 93 464 95 93 465 55 56 466 54 55 467 167 154 468 166 153 469 52 49 470 52 49 471 51 52 472 167 154 473 80 79 474 169 156 475 170 72 476 170 72 477 81 72 478 80 79 479 172 157 480 171 158 481 79 77 482 79 77 483 78 78 484 172 157 485 41 42 486 171 158 487 172 157 488 172 157 489 42 43 490 41 42 491 170 72 492 169 156 493 39 36 494 39 36 495 38 39 496 170 72 497 89 86 498 173 159 499 174 160 500 174 160 501 90 88 502 89 86 503 175 161 504 173 159 505 89 86 506 89 86 507 88 87 508 175 161 509 21 18 510 173 159 511 175 161 512 175 161 513 22 23 514 21 18 515 174 160 516 173 159 517 21 18 518 21 18 519 20 21 520 174 160 521 178 162 522 176 163 523 177 164 524 177 164 525 13 14 526 178 162 527 179 165 528 176 163 529 178 162 530 178 162 531 152 142 532 179 165 533 110 96 534 180 166 535 181 167 536 181 167 537 111 101 538 110 96 539 182 168 540 180 166 541 110 96 542 110 96 543 109 99 544 182 168 545 186 169 546 183 170 547 184 171 548 184 171 549 185 172 550 186 169 551 188 173 552 183 170 553 186 169 554 186 169 555 187 174 556 188 173 557 101 72 558 189 175 559 190 175 560 190 175 561 102 72 562 101 72 563 191 175 564 189 175 565 101 72 566 101 72 567 100 72 568 191 175 569 195 176 570 192 177 571 193 178 572 193 178 573 194 179 574 195 176 575 197 180 576 192 177 577 195 176 578 195 176 579 196 181 580 197 180 581 85 80 582 192 177 583 197 180 584 197 180 585 86 85 586 85 80 587 193 178 588 192 177 589 85 80 590 85 80 591 84 83 592 193 178 593 201 182 594 198 183 595 199 184 596 199 184 597 200 185 598 201 182 599 202 186 600 203 187 601 204 188 602 75 75 603 202 186 604 204 188 605 204 188 606 76 76 607 75 75 608 206 175 609 205 189 610 73 70 611 73 70 612 72 72 613 206 175 614 209 190 615 207 191 616 208 192 617 208 192 618 150 140 619 209 190 620 210 193 621 6 7 622 5 4 623 64 65 624 210 193 625 5 4 626 5 4 627 4 5 628 64 65 629 212 194 630 211 195 631 62 59 632 62 59 633 61 62 634 212 194 635 96 94 636 213 196 637 214 197 638 214 197 639 97 95 640 96 94 641 65 63 642 213 196 643 96 94 644 96 94 645 66 67 646 65 63 647 3 0 648 213 196 649 65 63 650 65 63 651 4 5 652 3 0 653 214 197 654 213 196 655 3 0 656 3 0 657 2 3 658 214 197 659 151 139 660 215 198 661 179 165 662 179 165 663 152 142 664 151 139 665 208 192 666 215 198 667 151 139 668 151 139 669 150 140 670 208 192 671 217 199 672 216 200 673 212 194 674 212 194 675 61 62 676 217 199 677 181 167 678 216 200 679 217 199 680 217 199 681 111 101 682 181 167 683 221 201 684 218 202 685 219 203 686 219 203 687 220 204 688 221 201 689 222 205 690 223 206 691 224 207 692 227 208 693 225 209 694 226 175 695 227 208 696 226 175 697 191 175 698 191 175 699 100 72 700 227 208 701 219 203 702 218 202 703 228 210 704 228 210 705 229 211 706 219 203 707 231 212 708 230 213 709 160 147 710 160 147 711 113 103 712 231 212 713 167 154 714 230 213 715 231 212 716 231 212 717 69 69 718 167 154 719 232 214 720 230 213 721 167 154 722 167 154 723 51 52 724 232 214 725 160 147 726 230 213 727 232 214 728 232 214 729 120 110 730 160 147 731 236 215 732 233 216 733 234 217 734 234 217 735 235 218 736 236 215 737 156 219 738 237 220 739 238 221 740 238 221 741 106 72 742 156 219 743 239 222 744 237 220 745 156 219 746 156 219 747 130 120 748 239 222 749 234 217 750 233 216 751 240 223 752 240 223 753 241 224 754 234 217 755 245 225 756 242 226 757 243 227 758 243 227 759 244 228 760 245 225 761 209 190 762 242 226 763 245 225 764 245 225 765 246 229 766 209 190 767 149 135 768 242 226 769 209 190 770 209 190 771 150 140 772 149 135 773 243 227 774 242 226 775 149 135 776 149 135 777 148 138 778 243 227 779 240 223 780 247 230 781 248 231 782 248 231 783 241 224 784 240 223 785 129 119 786 249 232 787 239 222 788 239 222 789 130 120 790 129 119 791 251 233 792 250 234 793 139 127 794 139 127 795 138 128 796 251 233 797 247 230 798 252 235 799 248 231 800 228 210 801 253 236 802 254 237 803 254 237 804 229 211 805 228 210 806 99 72 807 255 238 808 227 208 809 227 208 810 100 72 811 99 72 812 238 221 813 255 238 814 99 72 815 99 72 816 106 72 817 238 221 818 254 237 819 253 236 820 236 215 821 236 215 822 235 218 823 254 237 824 217 199 825 256 239 826 112 100 827 112 100 828 111 101 829 217 199 830 60 61 831 256 239 832 217 199 833 217 199 834 61 62 835 60 61 836 231 212 837 256 239 838 60 61 839 60 61 840 69 69 841 231 212 842 112 100 843 256 239 844 231 212 845 231 212 846 113 103 847 112 100 848 232 214 849 257 240 850 121 109 851 121 109 852 120 110 853 232 214 854 50 51 855 257 240 856 232 214 857 232 214 858 51 52 859 50 51 860 259 241 861 258 242 862 58 58 863 58 58 864 31 32 865 259 241 866 123 113 867 258 242 868 259 241 869 259 241 870 124 114 871 123 113 872 144 133 873 260 243 874 261 244 875 261 244 876 145 134 877 144 133 878 259 241 879 260 243 880 144 133 881 144 133 882 124 114 883 259 241 884 30 27 885 260 243 886 259 241 887 259 241 888 31 32 889 30 27 890 261 244 891 260 243 892 30 27 893 30 27 894 29 30 895 261 244 896 263 245 897 262 246 898 188 173 899 188 173 900 187 174 901 263 245 902 199 184 903 262 246 904 263 245 905 263 245 906 200 185 907 199 184 908 265 72 909 264 175 910 206 175 911 206 175 912 72 72 913 265 72 914 190 175 915 264 175 916 265 72 917 265 72 918 102 72 919 190 175 920 266 247 921 197 180 922 196 181 923 177 164 924 267 248 925 14 13 926 14 13 927 13 14 928 177 164 929 269 249 930 268 250 931 182 168 932 182 168 933 109 99 934 269 249 935 197 180 936 266 247 937 270 251 938 270 251 939 86 85 940 197 180 941 272 72 942 271 72 943 157 72 944 157 72 945 104 72 946 272 72 947 170 72 948 271 72 949 272 72 950 272 72 951 81 72 952 170 72 953 273 72 954 271 72 955 170 72 956 170 252 957 38 252 958 273 252 959 157 72 960 271 72 961 273 72 962 273 72 963 132 72 964 157 72 965 275 253 966 274 254 967 175 161 968 175 161 969 88 87 970 275 253 971 159 146 972 276 255 973 277 256 974 277 256 975 115 104 976 159 146 977 278 257 978 276 255 979 159 146 980 159 146 981 118 108 982 278 257 983 175 161 984 274 254 985 279 258 986 279 258 987 22 23 988 175 161 989 283 259 990 280 260 991 281 261 992 281 261 993 282 262 994 283 259 995 285 263 996 280 260 997 283 259 998 283 259 999 284 264 1000 285 263 1001 143 129 1002 280 260 1003 285 263 1004 285 263 1005 126 116 1006 143 129 1007 281 261 1008 280 260 1009 143 129 1010 143 129 1011 142 132 1012 281 261 1013 279 258 1014 286 265 1015 23 22 1016 23 22 1017 22 23 1018 279 258 1019 117 107 1020 287 266 1021 278 257 1022 278 257 1023 118 108 1024 117 107 1025 285 263 1026 288 267 1027 127 115 1028 127 115 1029 126 116 1030 285 263 1031 286 265 1032 24 25 1033 23 22 1034 270 251 1035 289 268 1036 87 84 1037 87 84 1038 86 85 1039 270 251 1040 108 98 1041 290 269 1042 269 249 1043 269 249 1044 109 99 1045 108 98 1046 277 256 1047 290 269 1048 108 98 1049 108 98 1050 115 104 1051 277 256 1052 87 84 1053 289 268 1054 275 253 1055 275 253 1056 88 87 1057 87 84 1058 265 72 1059 291 72 1060 103 72 1061 103 72 1062 102 72 1063 265 72 1064 71 72 1065 291 72 1066 265 72 1067 265 72 1068 72 72 1069 71 72 1070 272 72 1071 291 72 1072 71 72 1073 71 72 1074 81 72 1075 272 72 1076 103 72 1077 291 72 1078 272 72 1079 272 72 1080 104 72 1081 103 72 1082 273 270 1083 292 271 1084 133 121 1085 133 121 1086 132 122 1087 273 270 1088 37 38 1089 292 271 1090 273 270 1091 273 270 1092 38 39 1093 37 38 1094 294 272 1095 293 273 1096 48 47 1097 48 47 1098 47 48 1099 294 272 1100 135 125 1101 293 273 1102 294 272 1103 294 272 1104 136 126 1105 135 125 1106 153 141 1107 295 274 1108 296 275 1109 296 275 1110 154 143 1111 153 141 1112 178 162 1113 295 274 1114 153 141 1115 153 141 1116 152 142 1117 178 162 1118 12 9 1119 295 274 1120 178 162 1121 178 162 1122 13 14 1123 12 9 1124 296 275 1125 295 274 1126 12 9 1127 12 9 1128 11 12 1129 296 275 1130 298 276 1131 297 277 1132 263 245 1133 263 245 1134 187 174 1135 298 276 1136 296 275 1137 297 277 1138 298 276 1139 298 276 1140 154 143 1141 296 275 1142 299 278 1143 297 277 1144 296 275 1145 296 275 1146 11 12 1147 299 278 1148 263 245 1149 297 277 1150 299 278 1151 299 278 1152 200 185 1153 263 245 1154 301 279 1155 300 280 1156 46 46 1157 46 46 1158 45 45 1159 301 279 1160 281 261 1161 300 280 1162 301 279 1163 301 279 1164 282 262 1165 281 261 1166 302 281 1167 300 280 1168 281 261 1169 281 261 1170 142 132 1171 302 281 1172 46 46 1173 300 280 1174 302 281 1175 302 281 1176 47 48 1177 46 46 1178 304 282 1179 303 283 1180 137 123 1181 137 123 1182 136 126 1183 304 282 1184 261 244 1185 303 283 1186 304 282 1187 304 282 1188 145 134 1189 261 244 1190 305 284 1191 303 283 1192 261 244 1193 261 244 1194 29 30 1195 305 284 1196 137 123 1197 303 283 1198 305 284 1199 305 284 1200 138 128 1201 137 123 1202 309 285 1203 306 286 1204 307 287 1205 307 287 1206 308 288 1207 309 285 1208 243 227 1209 306 286 1210 309 285 1211 309 285 1212 244 228 1213 243 227 1214 310 289 1215 306 286 1216 243 227 1217 243 227 1218 148 138 1219 310 289 1220 307 287 1221 306 286 1222 310 289 1223 310 289 1224 185 172 1225 307 287 1226 312 290 1227 311 291 1228 254 237 1229 254 237 1230 235 218 1231 312 290 1232 214 197 1233 311 291 1234 312 290 1235 312 290 1236 97 95 1237 214 197 1238 313 292 1239 311 291 1240 214 197 1241 214 197 1242 2 3 1243 313 292 1244 254 237 1245 311 291 1246 313 292 1247 313 292 1248 229 211 1249 254 237 1250 315 293 1251 314 294 1252 204 188 1253 204 188 1254 203 187 1255 315 293 1256 193 178 1257 314 294 1258 315 293 1259 315 293 1260 194 179 1261 193 178 1262 316 295 1263 314 294 1264 193 178 1265 193 178 1266 84 83 1267 316 295 1268 204 188 1269 314 294 1270 316 295 1271 316 295 1272 76 76 1273 204 188 1274 318 296 1275 317 297 1276 172 157 1277 172 157 1278 78 78 1279 318 296 1280 174 160 1281 317 297 1282 318 296 1283 318 296 1284 90 88 1285 174 160 1286 319 298 1287 317 297 1288 174 160 1289 174 160 1290 20 21 1291 319 298 1292 172 157 1293 317 297 1294 319 298 1295 319 298 1296 42 43 1297 172 157 1298 321 299 1299 320 300 1300 248 231 1301 248 231 1302 252 235 1303 321 299 1304 162 150 1305 320 300 1306 321 299 1307 321 299 1308 163 151 1309 162 150 1310 322 301 1311 320 300 1312 162 150 1313 162 150 1314 93 92 1315 322 301 1316 248 231 1317 320 300 1318 322 301 1319 322 301 1320 241 224 1321 248 231 1322 310 289 1323 323 302 1324 186 169 1325 186 169 1326 185 172 1327 310 289 1328 147 137 1329 323 302 1330 310 289 1331 310 289 1332 148 138 1333 147 137 1334 298 276 1335 323 302 1336 147 137 1337 147 137 1338 154 143 1339 298 276 1340 186 169 1341 323 302 1342 298 276 1343 298 276 1344 187 174 1345 186 169 1346 302 281 1347 324 303 1348 294 272 1349 294 272 1350 47 48 1351 302 281 1352 141 131 1353 324 303 1354 302 281 1355 302 281 1356 142 132 1357 141 131 1358 304 282 1359 324 303 1360 141 131 1361 141 131 1362 145 134 1363 304 282 1364 294 272 1365 324 303 1366 304 282 1367 304 282 1368 136 126 1369 294 272 1370 322 301 1371 325 304 1372 234 217 1373 234 217 1374 241 224 1375 322 301 1376 92 91 1377 325 304 1378 322 301 1379 322 301 1380 93 92 1381 92 91 1382 312 290 1383 325 304 1384 92 91 1385 92 91 1386 97 95 1387 312 290 1388 234 217 1389 325 304 1390 312 290 1391 312 290 1392 235 218 1393 234 217 1394 316 295 1395 326 305 1396 77 73 1397 77 73 1398 76 76 1399 316 295 1400 83 82 1401 326 305 1402 316 295 1403 316 295 1404 84 83 1405 83 82 1406 318 296 1407 326 305 1408 83 82 1409 83 82 1410 90 88 1411 318 296 1412 77 73 1413 326 305 1414 318 296 1415 318 296 1416 78 78 1417 77 73 1418 305 284 1419 327 306 1420 251 233 1421 251 233 1422 138 128 1423 305 284 1424 28 29 1425 327 306 1426 305 284 1427 305 284 1428 29 30 1429 28 29 1430 328 307 1431 327 306 1432 28 29 1433 28 29 1434 35 35 1435 328 307 1436 251 233 1437 327 306 1438 328 307 1439 328 307 1440 329 308 1441 251 233 1442 319 298 1443 330 309 1444 43 40 1445 43 40 1446 42 43 1447 319 298 1448 19 20 1449 330 309 1450 319 298 1451 319 298 1452 20 21 1453 19 20 1454 331 310 1455 330 309 1456 19 20 1457 19 20 1458 26 26 1459 331 310 1460 43 40 1461 330 309 1462 331 310 1463 331 310 1464 332 311 1465 43 40 1466 299 278 1467 333 312 1468 201 182 1469 201 182 1470 200 185 1471 299 278 1472 10 11 1473 333 312 1474 299 278 1475 299 278 1476 11 12 1477 10 11 1478 334 313 1479 333 312 1480 10 11 1481 10 11 1482 17 17 1483 334 313 1484 201 182 1485 333 312 1486 334 313 1487 334 313 1488 335 314 1489 201 182 1490 313 292 1491 336 315 1492 219 203 1493 219 203 1494 229 211 1495 313 292 1496 1 2 1497 336 315 1498 313 292 1499 313 292 1500 2 3 1501 1 2 1502 337 316 1503 336 315 1504 1 2 1505 1 2 1506 8 8 1507 337 316 1508 219 203 1509 336 315 1510 337 316 1511 337 316 1512 220 204 1513 219 203 1514 165 152 1515 53 54 1516 56 53 1517 329 308 1518 250 234 1519 251 233 1520 184 171 1521 338 317 1522 339 318 1523 184 171 1524 339 318 1525 307 287 1526 307 287 1527 185 172 1528 184 171 1529 339 318 1530 308 288 1531 307 287 1532 340 319 1533 341 320 1534 342 321 1535 15 16 1536 14 13 1537 267 248 1538 335 314 1539 198 183 1540 201 182 1541 284 264 1542 288 267 1543 285 263 1544 332 311 1545 40 41 1546 43 40 1547</p>
        </triangles>
      </mesh>
    </geometry>
    <geometry id="defaultMaterial-mesh" name="defaultMaterial">
      <mesh>
        <source id="defaultMaterial-mesh-positions">
          <float_array id="defaultMaterial-mesh-positions-array" count="1866">1.030887 1.795762 -0.08052396 0.854956 1.795762 -0.095407 0.840073 1.795762 0.08052396 1.016004 1.795762 0.095407 0.832929 1.795762 0.360398 1.016466 1.795762 0.356824 0.88904 1.795762 0.785722 1.067276 1.795762 0.753461 1.067276 1.795762 0.753461 0.88904 1.795762 0.785722 1.057738 1.83678 1.778448 1.200067 1.83678 1.752687 1.200067 1.83678 1.752687 1.057738 1.83678 1.778448 1.188735 1.886936 2.533045 1.296465 1.886936 2.529521 1.066041 1.795762 -0.346504 0.877811 1.795762 -0.366975 1.200972 1.795762 -1.238174 1.041191 1.795762 -1.255552 1.291771 1.795762 -1.858931 1.156545 1.795762 -1.858899 1.077126 1.675948 -0.08052396 1.062243 1.675948 0.095407 0.886312 1.675948 0.08052396 0.901195 1.675948 -0.095407 1.062705 1.675948 0.356824 0.879167 1.675948 0.360398 1.113515 1.675948 0.753461 0.935279 1.675948 0.785722 1.113515 1.675948 0.753461 1.246306 1.716966 1.752687 1.103977 1.716966 1.778448 0.935279 1.675948 0.785722 1.246306 1.716966 1.752687 1.342703 1.767122 2.529521 1.234973 1.767122 2.533045 1.103977 1.716966 1.778448 0.92405 1.675948 -0.366975 1.112279 1.675948 -0.346504 1.08743 1.675948 -1.255551 1.247211 1.675948 -1.238174 1.202783 1.675947 -1.858899 1.338009 1.675947 -1.858931 1.067276 1.795762 0.753461 1.113515 1.675948 0.753461 1.062705 1.675948 0.356824 1.016466 1.795762 0.356824 1.156545 1.795762 -1.858899 1.202783 1.675947 -1.858899 1.08743 1.675948 -1.255551 1.041191 1.795762 -1.255552 0.854956 1.795762 -0.095407 0.901195 1.675948 -0.095407 0.886312 1.675948 0.08052396 0.840073 1.795762 0.08052396 1.030887 1.795762 -0.08052396 1.077126 1.675948 -0.08052396 1.112279 1.675948 -0.346504 1.066041 1.795762 -0.346504 0.877811 1.795762 -0.366975 0.92405 1.675948 -0.366975 0.901195 1.675948 -0.095407 0.854956 1.795762 -0.095407 0.88904 1.795762 0.785722 0.935279 1.675948 0.785722 1.103977 1.716966 1.778448 1.057738 1.83678 1.778448 1.200067 1.83678 1.752687 1.246306 1.716966 1.752687 1.113515 1.675948 0.753461 1.067276 1.795762 0.753461 0.840073 1.795762 0.08052396 0.886312 1.675948 0.08052396 0.879167 1.675948 0.360398 0.832929 1.795762 0.360398 1.066041 1.795762 -0.346504 1.112279 1.675948 -0.346504 1.247211 1.675948 -1.238174 1.200972 1.795762 -1.238174 1.188735 1.886936 2.533045 1.234973 1.767122 2.533045 1.342703 1.767122 2.529521 1.296465 1.886936 2.529521 1.016466 1.795762 0.356824 1.062705 1.675948 0.356824 1.062243 1.675948 0.095407 1.016004 1.795762 0.095407 1.041191 1.795762 -1.255552 1.08743 1.675948 -1.255551 0.92405 1.675948 -0.366975 0.877811 1.795762 -0.366975 1.057738 1.83678 1.778448 1.103977 1.716966 1.778448 1.234973 1.767122 2.533045 1.188735 1.886936 2.533045 1.291771 1.795762 -1.858931 1.338009 1.675947 -1.858931 1.202783 1.675947 -1.858899 1.156545 1.795762 -1.858899 1.016004 1.795762 0.095407 1.062243 1.675948 0.095407 1.077126 1.675948 -0.08052396 1.030887 1.795762 -0.08052396 1.296465 1.886936 2.529521 1.342703 1.767122 2.529521 1.246306 1.716966 1.752687 1.200067 1.83678 1.752687 0.832929 1.795762 0.360398 0.879167 1.675948 0.360398 0.935279 1.675948 0.785722 0.88904 1.795762 0.785722 1.200972 1.795762 -1.238174 1.247211 1.675948 -1.238174 1.338009 1.675947 -1.858931 1.291771 1.795762 -1.858931 0.06318199 1.843662 0.337777 0.06318199 1.912011 0.337777 -0.736102 1.939851 0.337777 -0.736102 1.871502 0.337777 0.906215 0.927289 0.166365 0.906215 0.927289 0.337438 0.906215 1.694505 0.337438 0.906215 1.694505 0.166366 0.06318199 1.843662 0.1275179 0.06318199 1.912011 0.1275179 0.862467 1.766638 0.1275179 0.862467 1.698288 0.1275179 0.06318199 1.843662 0.337777 -0.736102 1.871502 0.337777 -0.736102 1.871502 0.1275179 0.06318199 1.843662 0.1275179 0.06318199 1.912011 0.337777 0.862467 1.766638 0.337777 0.862467 1.766638 0.1275179 0.06318199 1.912011 0.1275179 -0.767194 1.954721 -1.849648 -0.767194 1.847362 -1.849648 -0.929907 1.847362 -1.849648 -0.929907 1.954721 -1.849648 -0.929907 1.847362 -1.849648 -0.887116 1.847362 0.337611 -0.887116 1.954721 0.337611 -0.929907 1.954721 -1.849648 -0.767194 1.847362 -1.849648 -0.724403 1.847362 0.337611 -0.887116 1.847362 0.337611 -0.929907 1.847362 -1.849648 -0.767194 1.954721 -1.849648 -0.724403 1.954721 0.337611 -0.724403 1.847362 0.337611 -0.767194 1.847362 -1.849648 -0.929907 1.954721 -1.849648 -0.887116 1.954721 0.337611 -0.724403 1.954721 0.337611 -0.767194 1.954721 -1.849648 -0.724403 1.847362 0.337611 -0.724403 1.954721 0.337611 -0.887116 1.954721 0.337611 -0.887116 1.847362 0.337611 -0.736102 1.939851 0.337777 0.06318199 1.912011 0.337777 0.06318199 1.912011 0.1275179 -0.736102 1.939851 0.1275179 0.862467 1.698288 0.337777 0.06318199 1.843662 0.337777 0.06318199 1.843662 0.1275179 0.862467 1.698288 0.1275179 -0.736102 1.871502 0.1275179 -0.736102 1.939851 0.1275179 0.862467 1.698288 0.337777 0.862467 1.766638 0.337777 0.996333 1.694505 0.166366 0.996333 0.927289 0.166366 0.906215 0.927289 0.166365 0.906215 1.694505 0.166366 -0.792849 1.868488 0.166366 -0.79285 1.868488 0.337438 -0.79285 0.92729 0.337438 -0.792849 0.927289 0.166366 0.996333 1.694505 0.166366 0.996333 1.694505 0.337438 0.996333 0.927289 0.337438 0.996333 0.927289 0.166366 -0.882967 0.92729 0.166366 -0.882968 0.92729 0.337438 -0.882968 1.868488 0.337438 -0.882967 1.868488 0.166366 -0.792849 1.868488 0.166366 -0.792849 0.927289 0.166366 -0.882967 0.92729 0.166366 -0.882967 1.868488 0.166366 -0.79285 0.92729 0.337438 -0.79285 1.868488 0.337438 -0.882968 1.868488 0.337438 -0.882968 0.92729 0.337438 0.996333 0.927289 0.337438 0.996333 1.694505 0.337438 0.906215 1.694505 0.337438 0.906215 0.927289 0.337438 0.06667697 1.889196 -0.356738 0.06667697 1.889196 -0.249348 0.888853 1.778898 -0.249348 0.888853 1.778898 -0.356738 0.06667697 1.832625 -0.356738 0.06667697 1.832625 -0.249348 -0.755499 1.882673 -0.249348 -0.755499 1.882673 -0.356738 0.06667697 1.889196 -0.356738 0.888853 1.778898 -0.356738 0.888853 1.722327 -0.356738 0.06667697 1.832625 -0.356738 0.06667697 1.889196 -0.249348 -0.755499 1.939244 -0.249348 -0.755499 1.882673 -0.249348 0.06667697 1.832625 -0.249348 0.888853 1.778898 -0.249348 0.888853 1.722327 -0.249348 -0.755499 1.939244 -0.356738 -0.755499 1.882673 -0.356738 0.888853 1.722327 -0.356738 0.888853 1.722327 -0.249348 0.06667697 1.832625 -0.249348 0.06667697 1.832625 -0.356738 -0.755499 1.939244 -0.356738 -0.755499 1.939244 -0.249348 0.06667697 1.889196 -0.249348 0.06667697 1.889196 -0.356738 1.219181 1.588173 2.190969 1.258023 1.588173 2.373131 1.235127 1.808467 2.382567 1.195373 1.808467 2.195804 1.28983 1.367878 2.17662 1.317938 0.927289 2.170912 1.266361 0.927289 2.181387 1.24299 1.367878 2.186133 1.28983 1.367878 2.17662 1.324358 1.367878 2.337437 1.348635 0.927289 2.313078 1.317938 0.927289 2.170912 1.307291 1.588173 2.363432 1.286773 1.808467 2.372437 1.235127 1.808467 2.382567 1.258023 1.588173 2.373131 1.348635 0.927289 2.313078 1.324358 1.367878 2.337437 1.277468 1.367878 2.346704 1.297014 0.927289 2.323334 1.268389 1.588173 2.180975 1.307291 1.588173 2.363432 1.324358 1.367878 2.337437 1.28983 1.367878 2.17662 1.268389 1.588173 2.180975 1.219181 1.588173 2.190969 1.266361 0.927289 2.181387 1.297014 0.927289 2.323334 1.277468 1.367878 2.346704 1.24299 1.367878 2.186133 1.069017 1.592078 1.207121 1.096035 1.587335 1.380423 1.084007 1.808333 1.392909 1.055616 1.813316 1.210806 1.132401 1.368079 1.213814 1.139246 0.927289 1.207557 1.0873 0.927289 1.215631 1.085217 1.370353 1.221101 1.132401 1.368079 1.213814 1.152458 1.364547 1.343052 1.157105 0.927289 1.323195 1.139246 0.927289 1.207557 1.145615 1.584944 1.37284 1.135974 1.805827 1.384962 1.084007 1.808333 1.392909 1.096035 1.587335 1.380423 1.157105 0.927289 1.323195 1.152458 1.364547 1.343052 1.105274 1.366821 1.350338 1.105159 0.927289 1.331269 1.118597 1.589687 1.199537 1.145615 1.584944 1.37284 1.152458 1.364547 1.343052 1.132401 1.368079 1.213814 1.118597 1.589687 1.199537 1.132401 1.368079 1.213814 1.085217 1.370353 1.221101 1.069017 1.592078 1.207121 1.0873 0.927289 1.215631 1.105159 0.927289 1.331269 1.105274 1.366821 1.350338 1.085217 1.370353 1.221101 1.246949 1.808467 2.185329 1.195373 1.808467 2.195804 1.246949 1.808467 2.185329 1.286773 1.808467 2.372437 1.307291 1.588173 2.363432 1.268389 1.588173 2.180975 1.324358 1.367878 2.337437 1.307291 1.588173 2.363432 1.258023 1.588173 2.373131 1.277468 1.367878 2.346704 1.24299 1.367878 2.186133 1.277468 1.367878 2.346704 1.258023 1.588173 2.373131 1.219181 1.588173 2.190969 1.107582 1.81081 1.20286 1.118597 1.589687 1.199537 1.069017 1.592078 1.207121 1.055616 1.813316 1.210806 1.107582 1.81081 1.20286 1.135974 1.805827 1.384962 1.145615 1.584944 1.37284 1.118597 1.589687 1.199537 1.152458 1.364547 1.343052 1.145615 1.584944 1.37284 1.096035 1.587335 1.380423 1.105274 1.366821 1.350338 1.085217 1.370353 1.221101 1.105274 1.366821 1.350338 1.096035 1.587335 1.380423 1.069017 1.592078 1.207121 1.030887 0.05881696 -0.08052396 1.016004 0.05881696 0.095407 0.840073 0.05881696 0.08052396 0.854956 0.05881696 -0.095407 1.016466 0.05881696 0.356824 0.832928 0.05881696 0.360398 1.067276 0.05881696 0.753461 0.88904 0.05881696 0.785722 1.067276 0.05881696 0.753461 1.200067 0.01779896 1.752687 1.057738 0.01779896 1.778448 0.88904 0.05881696 0.785722 1.200067 0.01779896 1.752687 1.296465 -0.03235697 2.529521 1.188735 -0.03235697 2.533045 1.057738 0.01779896 1.778448 0.877811 0.05881696 -0.366975 1.066041 0.05881696 -0.346504 1.041191 0.05881696 -1.255552 1.200972 0.05881696 -1.238174 1.156545 0.05881696 -1.858899 1.291771 0.05881696 -1.858931 1.077125 0.178631 -0.08052396 0.901195 0.178631 -0.095407 0.886312 0.178631 0.08052396 1.062242 0.178631 0.095407 0.879167 0.178631 0.360398 1.062705 0.178631 0.356824 0.935279 0.178631 0.785722 1.113515 0.178631 0.753461 1.113515 0.178631 0.753461 0.935279 0.178631 0.785722 1.103977 0.1376129 1.778448 1.246306 0.1376129 1.752687 1.246306 0.1376129 1.752687 1.103977 0.1376129 1.778448 1.234973 0.087457 2.533045 1.342703 0.087457 2.529521 1.112279 0.178631 -0.346504 0.92405 0.178631 -0.366975 1.247211 0.178631 -1.238174 1.08743 0.178631 -1.255551 1.338009 0.178631 -1.858931 1.202783 0.178631 -1.858899 1.067276 0.05881696 0.753461 1.016466 0.05881696 0.356824 1.062705 0.178631 0.356824 1.113515 0.178631 0.753461 1.156545 0.05881696 -1.858899 1.041191 0.05881696 -1.255552 1.08743 0.178631 -1.255551 1.202783 0.178631 -1.858899 0.854956 0.05881696 -0.095407 0.840073 0.05881696 0.08052396 0.886312 0.178631 0.08052396 0.901195 0.178631 -0.095407 1.030887 0.05881696 -0.08052396 1.066041 0.05881696 -0.346504 1.112279 0.178631 -0.346504 1.077125 0.178631 -0.08052396 0.877811 0.05881696 -0.366975 0.854956 0.05881696 -0.095407 0.901195 0.178631 -0.095407 0.92405 0.178631 -0.366975 0.88904 0.05881696 0.785722 1.057738 0.01779896 1.778448 1.103977 0.1376129 1.778448 0.935279 0.178631 0.785722 1.200067 0.01779896 1.752687 1.067276 0.05881696 0.753461 1.113515 0.178631 0.753461 1.246306 0.1376129 1.752687 0.840073 0.05881696 0.08052396 0.832928 0.05881696 0.360398 0.879167 0.178631 0.360398 0.886312 0.178631 0.08052396 1.066041 0.05881696 -0.346504 1.200972 0.05881696 -1.238174 1.247211 0.178631 -1.238174 1.112279 0.178631 -0.346504 1.188735 -0.03235697 2.533045 1.296465 -0.03235697 2.529521 1.342703 0.087457 2.529521 1.234973 0.087457 2.533045 1.016466 0.05881696 0.356824 1.016004 0.05881696 0.095407 1.062242 0.178631 0.095407 1.062705 0.178631 0.356824 1.041191 0.05881696 -1.255552 0.877811 0.05881696 -0.366975 0.92405 0.178631 -0.366975 1.08743 0.178631 -1.255551 1.057738 0.01779896 1.778448 1.188735 -0.03235697 2.533045 1.234973 0.087457 2.533045 1.103977 0.1376129 1.778448 1.291771 0.05881696 -1.858931 1.156545 0.05881696 -1.858899 1.202783 0.178631 -1.858899 1.338009 0.178631 -1.858931 1.016004 0.05881696 0.095407 1.030887 0.05881696 -0.08052396 1.077125 0.178631 -0.08052396 1.062242 0.178631 0.095407 1.296465 -0.03235697 2.529521 1.200067 0.01779896 1.752687 1.246306 0.1376129 1.752687 1.342703 0.087457 2.529521 0.832928 0.05881696 0.360398 0.88904 0.05881696 0.785722 0.935279 0.178631 0.785722 0.879167 0.178631 0.360398 1.200972 0.05881696 -1.238174 1.291771 0.05881696 -1.858931 1.338009 0.178631 -1.858931 1.247211 0.178631 -1.238174 0.06318199 0.01091694 0.337777 -0.736102 -0.01692295 0.337777 -0.736102 -0.08527195 0.337777 0.06318199 -0.05743199 0.337777 0.906215 0.1600739 0.166366 0.906215 0.1600739 0.337438 0.06318199 0.01091694 0.1275179 0.862467 0.156291 0.1275179 0.862467 0.08794099 0.1275179 0.06318199 -0.05743199 0.1275179 0.06318199 0.01091694 0.337777 0.06318199 0.01091694 0.1275179 -0.736102 -0.01692295 0.1275179 -0.736102 -0.01692295 0.337777 0.06318199 -0.05743199 0.337777 0.06318199 -0.05743199 0.1275179 0.862467 0.08794099 0.1275179 0.862467 0.08794099 0.337777 -0.767194 -0.100142 -1.849648 -0.929907 -0.100142 -1.849648 -0.929907 0.007216989 -1.849648 -0.767194 0.007216989 -1.849648 -0.929907 0.007216989 -1.849648 -0.929907 -0.100142 -1.849648 -0.887116 -0.100142 0.337611 -0.887116 0.007216989 0.337611 -0.767194 0.007216989 -1.849648 -0.929907 0.007216989 -1.849648 -0.887116 0.007216989 0.337611 -0.724403 0.007216989 0.337611 -0.767194 -0.100142 -1.849648 -0.767194 0.007216989 -1.849648 -0.724403 0.007216989 0.337611 -0.724403 -0.100142 0.337611 -0.929907 -0.100142 -1.849648 -0.767194 -0.100142 -1.849648 -0.724403 -0.100142 0.337611 -0.887116 -0.100142 0.337611 -0.724403 0.007216989 0.337611 -0.887116 0.007216989 0.337611 -0.887116 -0.100142 0.337611 -0.724403 -0.100142 0.337611 -0.736102 -0.08527195 0.337777 -0.736102 -0.08527195 0.1275179 0.06318199 -0.05743199 0.1275179 0.06318199 -0.05743199 0.337777 0.862467 0.156291 0.337777 0.862467 0.156291 0.1275179 0.06318199 0.01091694 0.1275179 0.06318199 0.01091694 0.337777 -0.736102 -0.01692295 0.1275179 -0.736102 -0.08527195 0.1275179 0.862467 0.156291 0.337777 0.862467 0.08794099 0.337777 0.996333 0.1600739 0.166366 0.906215 0.1600739 0.166366 -0.792849 -0.01390898 0.166366 -0.79285 -0.01390898 0.337438 0.996333 0.1600739 0.166366 0.996333 0.1600739 0.337438 -0.882967 -0.01390898 0.166366 -0.882968 -0.01390898 0.337438 -0.792849 -0.01390898 0.166366 -0.882967 -0.01390898 0.166366 -0.882968 -0.01390898 0.337438 -0.79285 -0.01390898 0.337438 0.906215 0.1600739 0.337438 0.996333 0.1600739 0.337438 0.06667697 -0.03461694 -0.356738 0.888853 0.07568097 -0.356738 0.888853 0.07568097 -0.249348 0.06667697 -0.03461694 -0.249348 0.06667697 0.02195399 -0.356738 -0.755499 -0.02809399 -0.356738 -0.755499 -0.02809399 -0.249348 0.06667697 0.02195399 -0.249348 0.06667697 -0.03461694 -0.356738 0.06667697 0.02195399 -0.356738 0.888853 0.132252 -0.356738 0.888853 0.07568097 -0.356738 0.06667697 -0.03461694 -0.249348 0.06667697 0.02195399 -0.249348 -0.755499 -0.02809399 -0.249348 -0.755499 -0.084665 -0.249348 0.888853 0.07568097 -0.249348 0.888853 0.132252 -0.249348 -0.755499 -0.084665 -0.356738 -0.755499 -0.02809399 -0.356738 0.888853 0.132252 -0.356738 0.06667697 0.02195399 -0.356738 0.06667697 0.02195399 -0.249348 0.888853 0.132252 -0.249348 -0.755499 -0.084665 -0.356738 0.06667697 -0.03461694 -0.356738 0.06667697 -0.03461694 -0.249348 -0.755499 -0.084665 -0.249348 1.219181 0.266406 2.190969 1.195372 0.046112 2.195804 1.235127 0.046112 2.382567 1.258023 0.266406 2.373131 1.28983 0.486701 2.17662 1.24299 0.486701 2.186133 1.28983 0.486701 2.17662 1.317938 0.927289 2.170912 1.348635 0.927289 2.313078 1.324358 0.486701 2.337437 1.307291 0.266406 2.363432 1.258023 0.266406 2.373131 1.235127 0.046112 2.382567 1.286773 0.046112 2.372437 1.348635 0.927289 2.313078 1.297014 0.927289 2.323334 1.277468 0.486701 2.346704 1.324358 0.486701 2.337437 1.268389 0.266406 2.180975 1.28983 0.486701 2.17662 1.324358 0.486701 2.337437 1.307291 0.266406 2.363432 1.268389 0.266406 2.180975 1.219181 0.266406 2.190969 1.266361 0.927289 2.181387 1.24299 0.486701 2.186133 1.277468 0.486701 2.346704 1.297014 0.927289 2.323334 1.069017 0.262501 1.207121 1.055616 0.04126298 1.210806 1.084007 0.04624599 1.392909 1.096035 0.267244 1.380423 1.132401 0.4865 1.213814 1.085217 0.484226 1.221101 1.0873 0.927289 1.215631 1.139246 0.927289 1.207557 1.132401 0.4865 1.213814 1.139246 0.927289 1.207557 1.157105 0.927289 1.323195 1.152458 0.490032 1.343052 1.145615 0.269635 1.37284 1.096035 0.267244 1.380423 1.084007 0.04624599 1.392909 1.135974 0.04875195 1.384962 1.157105 0.927289 1.323195 1.105159 0.927289 1.331269 1.105274 0.487758 1.350338 1.152458 0.490032 1.343052 1.118597 0.264892 1.199537 1.132401 0.4865 1.213814 1.152458 0.490032 1.343052 1.145615 0.269635 1.37284 1.118597 0.264892 1.199537 1.069017 0.262501 1.207121 1.085217 0.484226 1.221101 1.132401 0.4865 1.213814 1.0873 0.927289 1.215631 1.085217 0.484226 1.221101 1.105274 0.487758 1.350338 1.105159 0.927289 1.331269 1.246949 0.046112 2.185329 1.195372 0.046112 2.195804 1.246949 0.046112 2.185329 1.268389 0.266406 2.180975 1.307291 0.266406 2.363432 1.286773 0.046112 2.372437 1.324358 0.486701 2.337437 1.277468 0.486701 2.346704 1.258023 0.266406 2.373131 1.307291 0.266406 2.363432 1.24299 0.486701 2.186133 1.219181 0.266406 2.190969 1.258023 0.266406 2.373131 1.277468 0.486701 2.346704 1.107582 0.043769 1.20286 1.055616 0.04126298 1.210806 1.069017 0.262501 1.207121 1.118597 0.264892 1.199537 1.107582 0.043769 1.20286 1.118597 0.264892 1.199537 1.145615 0.269635 1.37284 1.135974 0.04875195 1.384962 1.152458 0.490032 1.343052 1.105274 0.487758 1.350338 1.096035 0.267244 1.380423 1.145615 0.269635 1.37284 1.085217 0.484226 1.221101 1.069017 0.262501 1.207121 1.096035 0.267244 1.380423 1.105274 0.487758 1.350338</float_array>
          <technique_common>
            <accessor source="#defaultMaterial-mesh-positions-array" count="622" stride="3">
              <param name="X" type="float"/>
              <param name="Y" type="float"/>
              <param name="Z" type="float"/>
            </accessor>
          </technique_common>
        </source>
        <source id="defaultMaterial-mesh-normals">
          <float_array id="defaultMaterial-mesh-normals-array" count="1026">-1.67304e-6 1 0 1.67304e-6 1 0 1.45821e-6 1 0 -1.81397e-7 1 0 9.4435e-7 1 0 -1.9198e-7 1 0 -0.007249116 0.9991713 -0.04005229 -0.007249832 0.9991713 -0.04005241 -0.007446587 0.9979081 -0.06421846 -0.007505178 0.997909 -0.06419926 -0.007534921 0.9979093 -0.06419056 -0.00748831 0.9979087 -0.06420493 1.08389e-6 1 0 -1.46708e-6 1 0 0 1 0 -9.51794e-7 1 0 -1.0221e-6 1 0 7.50397e-7 1 0 0 -1 0 1.63346e-6 -1 0 0.007250487 -0.9991713 0.04005235 0.007249355 -0.9991713 0.04005235 0.007532894 -0.9979093 0.06419098 0.007505834 -0.997909 0.06419914 0.007452487 -0.9979082 0.06421715 0.007489383 -0.9979087 0.06420463 1.39753e-6 -1 0 -1.64635e-6 -1 0 0 -1 1.74199e-6 0 -1 1.72841e-6 0.9263443 0.3574979 -0.118666 0.926344 0.3574986 -0.1186662 -0.9184444 -0.3544369 -0.1755973 -0.9184401 -0.3544495 -0.1755943 -0.9300442 -0.3589257 -0.07867765 -0.9300444 -0.3589257 -0.07867705 0.925924 0.3573353 0.122377 0.9259268 0.3573297 0.1223732 -0.9300739 -0.3589369 -0.07827466 -0.9300738 -0.3589373 -0.07827466 -0.9192171 -0.3547471 0.1708637 -0.9192167 -0.3547479 0.1708642 0.9240824 0.3566243 -0.1374444 0.9240821 0.3566251 -0.1374443 -0.9326717 -0.3599401 -0.02380716 -0.9326742 -0.3599331 -0.02381056 0.9237782 0.3565006 0.1397899 0.9237759 0.3565063 0.1397903 0.03269195 0.01261734 0.9993858 0.03269183 0.01261496 0.9993859 0.9329349 0.3600414 -0.001648843 0.9329347 0.3600421 -0.001648843 -0.9195056 -0.3548604 -0.1690668 -0.9195061 -0.354859 -0.169067 -0.9172235 -0.3539787 0.1827568 -0.917227 -0.3539705 0.1827552 -2.36257e-4 -8.82916e-5 -1 -2.36257e-4 -9.381e-5 -1 0.9300442 0.3589257 0.07867765 0.9240528 0.3566057 -0.1376909 0.9240506 0.3566119 -0.1376897 -0.9259521 -0.3573383 0.1221563 -0.925949 -0.3573458 0.1221584 0.9243692 0.3567355 0.1352086 0.9243735 0.3567253 0.1352072 0 0 1 -1 0 0 0 0 -1 -0.03480994 -0.999394 0 -0.03480994 -0.9993939 0 0.1789432 0.9838595 0 0.1789431 0.9838594 0 -0.9998087 0 0.01955997 -0.9998087 0 0.01956003 0.9998087 0 -0.01956003 0.9998087 0 -0.01955991 0 1 0 0.0348103 0.999394 0 0.03480994 0.9993939 0 -0.1789445 -0.9838593 0 -0.1789445 -0.9838592 0 1.10785e-5 1.29313e-6 -1 1 0 6.66334e-6 1 0 5.53683e-6 1 0 0 -1 0 -5.92298e-6 -1 0 -5.92298e-6 0.1329627 0.9911211 0 0.1329629 0.991121 0 -0.06076002 -0.9981525 0 -0.06075996 -0.9981524 0 -0.1329627 -0.9911211 0 -0.132963 -0.9911211 0 -0.1329629 -0.991121 0 -0.1329626 -0.9911211 0 0.06076002 0.9981525 0 0.06076025 0.9981524 0 -0.972121 -0.1096101 0.2072833 -0.9721627 -0.109904 0.2069318 -0.1990296 -1.76901e-6 -0.9799936 -0.1990305 0 -0.9799934 0.9755487 0.06517457 -0.2098981 0.9755288 0.06519258 -0.2099846 0.9755257 0.065198 -0.2099974 0.9755291 0.06519508 -0.2099828 0.193109 -0.02211439 0.9809281 0.1924278 -0.02202045 0.9810641 0.1943602 -0.04341596 0.979969 0.1943602 -0.04341596 0.979969 0.1943602 -0.04341596 0.979969 0.1942661 -0.0434007 0.9799883 0.1942661 -0.04340064 0.9799883 0.1942661 -0.0434007 0.9799883 0.9730008 0.09948396 -0.2082602 0.9730615 0.09934234 -0.2080445 0.9730612 0.09931057 -0.208061 0.9730538 0.09937047 -0.2080672 -0.199033 1.3471e-6 -0.9799928 -0.1990321 2.12284e-6 -0.9799931 -0.9761226 -0.05411481 0.2103719 -0.9761865 -0.05423671 0.2100442 -0.9761565 -0.05419749 0.2101932 -0.9761483 -0.05417954 0.2102363 -0.9864045 -0.06228232 0.1520761 -0.9864038 -0.06227797 0.1520826 -0.1526589 0.01161772 -0.9882107 -0.1528247 0.01160585 -0.9881852 -0.1531468 0.01155197 -0.9881361 -0.1530168 0.01157802 -0.9881558 0.9880917 0.01751393 -0.1528667 0.9881336 0.01743173 -0.1526049 0.1487639 -0.0477119 0.987721 0.1487478 -0.04770988 0.9877237 0.1519617 -0.04309928 0.9874463 0.1520271 -0.04310351 0.9874361 0.1520265 -0.04310494 0.9874361 0.1519488 -0.04309409 0.9874485 0.9870081 0.05141985 -0.1522206 0.987008 0.05141985 -0.1522207 0.987008 0.05141991 -0.1522206 0.9870125 0.05139946 -0.1521995 0.9870125 0.05139946 -0.1521994 0.9870125 0.05139952 -0.1521994 -0.1544452 -0.07314258 -0.9852903 -0.154783 -0.07326251 -0.9852283 -0.1551412 -0.07335394 -0.9851652 -0.1550305 -0.07333153 -0.9851843 -0.9882622 -0.006530284 0.1526275 -0.9881768 -0.006387531 0.1531862 -0.1990374 -2.57052e-6 -0.979992 -0.199035 0 -0.9799925 0.9733039 0.09882056 -0.207157 0.9732003 0.09912514 -0.2074981 0.1924826 -0.1001963 0.9761717 0.1924397 -0.1001926 0.9761806 0.1922781 -0.1001572 0.976216 0.1926478 -0.1002223 0.9761365 -0.9719333 -0.1102355 0.2078317 -0.9719203 -0.1101958 0.2079132 -0.9719053 -0.1100756 0.2080469 -0.9719142 -0.1101639 0.2079587 -0.1508003 0.007342755 -0.988537 -0.1508569 0.007327437 -0.9885285 0.9869674 0.05145615 -0.1524721 0.9869697 0.05144524 -0.1524608 0.1448 -0.1280184 0.9811443 0.1446603 -0.1280047 0.9811668 0.1446494 -0.1280092 0.9811679 0.1443786 -0.1279501 0.9812154 -0.9864592 -0.06236988 0.1516853 -0.9864591 -0.06236988 0.1516853 -0.9864592 -0.06236988 0.1516853 -0.9864543 -0.06237965 0.1517128 -0.9864543 -0.06237965 0.1517128 -0.9864543 -0.06237965 0.1517128 0 -1 0 0 -1 0 0 -1 0 0 -1 0 -0.007249474 -0.9991713 -0.04005229 -0.007249295 -0.9991713 -0.04005241 -0.007535994 -0.9979093 -0.06419014 -0.007506489 -0.997909 -0.06419909 -0.007446169 -0.9979081 -0.06421864 -0.007487773 -0.9979086 -0.06420552 0 -1 0 0 1 0 0 1 0 0 1 0 0 1 0 0 1 0 0 1 0 0.007249355 0.9991713 0.04005229 0.007249295 0.9991713 0.04005235 0.007450878 0.9979082 0.06421691 0.007506489 0.997909 0.06419879 0.007533431 0.9979093 0.06419098 0.007487714 0.9979086 0.06420534 0 1 0 0 1 0 0 1 0 0 1 0 0 1 0 0.9263443 -0.3574979 -0.118666 0.9263443 -0.3574978 -0.1186665 -0.9184432 0.3544402 -0.1755974 -0.9184404 0.3544487 -0.1755946 -0.9300442 0.3589258 -0.07867771 -0.9300442 0.3589257 -0.07867771 0.9259266 -0.3573284 0.1223783 0.9259265 -0.3573292 0.1223774 -0.9300739 0.3589368 -0.07827466 -0.9300737 0.3589372 -0.07827466 -0.919217 0.3547472 0.1708637 -0.919217 0.3547472 0.1708642 0.9240825 -0.356624 -0.1374443 0.9240822 -0.3566248 -0.1374441 -0.9326717 0.3599397 -0.0238105 -0.9326717 0.3599398 -0.02381008 0.9237784 -0.3565002 0.1397898 0.9237759 -0.3565065 0.1397904 0.03269195 -0.01261734 0.9993858 0.03269183 -0.01261729 0.9993859 0.932935 -0.3600413 -0.001648843 0.9329373 -0.360035 -0.001652419 -0.9195055 0.3548606 -0.1690668 -0.9195064 0.3548584 -0.1690669 -0.9172238 0.3539782 0.1827569 -0.9172268 0.353971 0.1827554 -2.36257e-4 8.82924e-5 -1 -2.36257e-4 9.56501e-5 -1 0.9300466 -0.3589193 0.07867789 0.9300472 -0.3589185 0.07867664 0.924053 -0.3566054 -0.1376908 0.9240508 -0.3566117 -0.1376894 -0.925949 0.3573454 0.1221582 -0.925949 0.3573454 0.1221582 0.9243692 -0.3567355 0.1352086 0.9243722 -0.3567281 0.135208 -0.03481 0.999394 0 -0.03481006 0.9993939 0 0.1789432 -0.9838595 0 0.1789432 -0.9838594 0 -0.9998087 0 0.01956003 -0.9998087 0 0.01955997 0.9998087 0 -0.01955997 0.9998087 0 -0.01955991 0.03481 -0.999394 0 0.03481 -0.9993939 0 -0.1789444 0.9838592 0 -0.1789444 0.9838592 0 1.10786e-5 -1.29313e-6 -1 1 0 5.92298e-6 1 0 5.92297e-6 -1 0 -5.92297e-6 0.1329626 -0.9911211 0 0.1329626 -0.9911211 0 0.1329626 -0.9911211 0 0.1329626 -0.9911211 0 -0.06076014 0.9981524 0 -0.06076008 0.9981524 0 -0.1329626 0.9911211 0 -0.1329626 0.9911211 0 -0.1329626 0.9911211 0 -0.1329626 0.9911211 0 0.06076014 -0.9981524 0 0.06076008 -0.9981524 0 -0.9721206 0.1096143 0.2072831 -0.9721612 0.1099045 0.2069386 -0.1990302 2.12283e-6 -0.9799935 -0.1990301 0 -0.9799934 0.9754945 -0.06526362 -0.2101221 0.9755287 -0.06519281 -0.209985 0.9755169 -0.06520956 -0.2100344 0.9755079 -0.06522285 -0.2100726 0.1931092 0.02211368 0.9809281 0.1924279 0.0220198 0.9810641 0.1946869 0.04344826 0.9799028 0.1942658 0.0434007 0.9799885 0.1942659 0.04339492 0.9799886 0.1942658 0.04340064 0.9799884 0.9730612 -0.09931045 -0.2080612 0.9730402 -0.09940767 -0.2081128 0.9730009 -0.09948384 -0.2082599 0.9730325 -0.09942811 -0.208139 -0.1990338 -1.34711e-6 -0.9799926 -0.1990311 -1.41522e-6 -0.9799933 -0.9761565 0.05419743 0.2101933 -0.9761681 0.05421262 0.2101355 -0.9761391 0.05415463 0.2102854 -0.9761485 0.0541799 0.2102352 -0.9864046 0.06228232 0.1520758 -0.9864037 0.06227815 0.1520835 -0.1531469 -0.01155203 -0.988136 -0.1527306 -0.0116136 -0.9881997 -0.1526592 -0.01161777 -0.9882106 -0.1531102 -0.01156109 -0.9881415 0.9880915 -0.01751399 -0.1528673 0.9881335 -0.01743179 -0.1526051 0.1487634 0.04771131 0.9877212 0.1487478 0.04770964 0.9877236 0.1519796 0.04309815 0.9874436 0.1520745 0.04310673 0.9874286 0.1520091 0.0431022 0.9874389 0.1519487 0.04309409 0.9874486 0.9870039 -0.05148684 -0.1522251 0.9870289 -0.05131787 -0.1521202 0.9870339 -0.05137127 -0.1520696 0.9869821 -0.05149424 -0.1523636 -0.1550028 0.07332348 -0.9851893 -0.1545584 0.07318943 -0.985269 -0.1547575 0.07325124 -0.9852333 -0.1549386 0.07330989 -0.9852004 -0.9882622 0.006530344 0.1526278 -0.9881768 0.006387531 0.1531858 -0.1990334 1.28524e-6 -0.9799928 -0.199034 2.69423e-6 -0.9799926 0.9733039 -0.09882068 -0.2071571 0.9732769 -0.09895247 -0.2072212 0.9732769 -0.09895241 -0.2072212 0.9732769 -0.09895247 -0.2072212 0.1924396 0.1001924 0.9761806 0.1924396 0.1001925 0.9761806 0.1924396 0.1001924 0.9761806 0.1925103 0.1001996 0.976166 0.1925103 0.1001996 0.976166 0.1925103 0.1001997 0.976166 -0.9719051 0.1100757 0.2080477 -0.9719107 0.1101369 0.2079897 -0.9719331 0.1102356 0.2078323 -0.9719142 0.1101639 0.2079588 -0.1508002 -0.007342457 -0.988537 -0.150857 -0.007327437 -0.9885285 0.9869675 -0.05145627 -0.1524718 0.9869695 -0.05144518 -0.1524614 0.1444195 0.1279556 0.9812086 0.1445671 0.1279934 0.981182 0.1445653 0.1279937 0.9811822 0.1444711 0.1279698 0.9811992 -0.986494 0.06253075 0.1513923 -0.9864543 0.06237912 0.1517133 -0.9864543 0.06237912 0.1517133</float_array>
          <technique_common>
            <accessor source="#defaultMaterial-mesh-normals-array" count="342" stride="3">
              <param name="X" type="float"/>
              <param name="Y" type="float"/>
              <param name="Z" type="float"/>
            </accessor>
          </technique_common>
        </source>
        <source id="defaultMaterial-mesh-map-0">
          <float_array id="defaultMaterial-mesh-map-0-array" count="2112">0.370522 0.954858 0.338062 0.951029 0.334234 0.983489 0.334234 0.983489 0.366693 0.987317 0.370522 0.954858 0.418892 0.956369 0.370522 0.954858 0.366693 0.987317 0.366693 0.987317 0.418432 0.990349 0.418892 0.956369 0.492588 0.949391 0.418892 0.956369 0.418432 0.990349 0.418432 0.990349 0.497468 0.982565 0.492588 0.949391 0.678429 0.930903 0.492588 0.949391 0.497468 0.982565 0.497468 0.982565 0.682326 0.957394 0.678429 0.930903 0.823043 0.917769 0.678429 0.930903 0.682326 0.957394 0.682326 0.957394 0.823043 0.937723 0.823043 0.917769 0.284128 0.977602 0.334234 0.983489 0.338062 0.951029 0.338062 0.951029 0.289065 0.9429 0.284128 0.977602 0.120721 0.941945 0.284128 0.977602 0.289065 0.9429 0.289065 0.9429 0.124912 0.912489 0.120721 0.941945 0.009793996 0.916917 0.120721 0.941945 0.124912 0.912489 0.124912 0.912489 0.01061397 0.891897 0.009793996 0.916917 0.338228 0.696858 0.340146 0.729487 0.372774 0.727569 0.372774 0.727569 0.370856 0.69494 0.338228 0.696858 0.370856 0.69494 0.372774 0.727569 0.42115 0.728897 0.42115 0.728897 0.422684 0.694948 0.370856 0.69494 0.422684 0.694948 0.42115 0.728897 0.49431 0.740184 0.49431 0.740184 0.501128 0.707353 0.422684 0.694948 0.501128 0.707353 0.49431 0.740184 0.678747 0.769538 0.678747 0.769538 0.684191 0.743322 0.501128 0.707353 0.684191 0.743322 0.678747 0.769538 0.822342 0.791131 0.822342 0.791131 0.823512 0.771211 0.684191 0.743322 0.340146 0.729487 0.338228 0.696858 0.287863 0.699797 0.287863 0.699797 0.290757 0.734728 0.340146 0.729487 0.290757 0.734728 0.287863 0.699797 0.122646 0.72581 0.122646 0.72581 0.1251029 0.755461 0.290757 0.734728 0.1251029 0.755461 0.122646 0.72581 0.01044297 0.74429 0.01044297 0.74429 0.009793996 0.769315 0.1251029 0.755461 0.42468 0.489121 0.498386 0.482249 0.497264 0.458501 0.497264 0.458501 0.423558 0.465373 0.42468 0.489121 0.123077 0.5627591 0.009793996 0.5726611 0.01025795 0.596431 0.01025795 0.596431 0.123542 0.586529 0.123077 0.5627591 0.372762 0.544477 0.340118 0.546107 0.340582 0.569877 0.340582 0.569877 0.373226 0.568247 0.372762 0.544477 0.293995 0.491987 0.343662 0.491986 0.34254 0.468238 0.34254 0.468238 0.292873 0.468239 0.293995 0.491987 0.340118 0.546107 0.289729 0.548614 0.290193 0.572384 0.290193 0.572384 0.340582 0.569877 0.340118 0.546107 0.69052 0.545699 0.503956 0.54518 0.50442 0.56895 0.50442 0.56895 0.690984 0.569469 0.69052 0.545699 0.498386 0.482249 0.684845 0.471673 0.683723 0.447925 0.683723 0.447925 0.497264 0.458501 0.498386 0.482249 0.424568 0.54299 0.372762 0.544477 0.373226 0.568247 0.373226 0.568247 0.425032 0.56676 0.424568 0.54299 0.127053 0.490869 0.293995 0.491987 0.292873 0.468239 0.292873 0.468239 0.125931 0.467121 0.127053 0.490869 0.534149 0.324287 0.541329 0.305669 0.517555 0.305669 0.517555 0.305669 0.510374 0.324287 0.534149 0.324287 0.376342 0.491436 0.42468 0.489121 0.423558 0.465373 0.423558 0.465373 0.37522 0.467688 0.376342 0.491436 0.289729 0.548614 0.123077 0.5627591 0.123542 0.586529 0.123542 0.586529 0.290193 0.572384 0.289729 0.548614 0.832579 0.542994 0.69052 0.545699 0.690984 0.569469 0.690984 0.569469 0.833043 0.566764 0.832579 0.542994 0.377747 0.248363 0.352713 0.248363 0.344154 0.270543 0.344154 0.270543 0.369187 0.270543 0.377747 0.248363 0.343662 0.491986 0.376342 0.491436 0.37522 0.467688 0.37522 0.467688 0.34254 0.468238 0.343662 0.491986 0.684845 0.471673 0.82998 0.467057 0.828859 0.443309 0.828859 0.443309 0.683723 0.447925 0.684845 0.471673 0.503956 0.54518 0.424568 0.54299 0.425032 0.56676 0.425032 0.56676 0.50442 0.56895 0.503956 0.54518 0.01091599 0.490297 0.127053 0.490869 0.125931 0.467121 0.125931 0.467121 0.009793996 0.466549 0.01091599 0.490297 0.306685 0.196604 0.1601859 0.218011 0.16245 0.2304589 0.16245 0.2304589 0.308949 0.209052 0.306685 0.196604 0.768503 0.11159 0.768503 0.253618 0.800172 0.253618 0.800172 0.253618 0.800172 0.11159 0.768503 0.11159 0.41653 0.395646 0.566532 0.38483 0.567895 0.372251 0.567895 0.372251 0.417893 0.383067 0.41653 0.395646 0.566922 0.325446 0.566922 0.36437 0.714976 0.36437 0.714976 0.36437 0.714976 0.325446 0.566922 0.325446 0.1601859 0.270543 0.1601859 0.231619 0.009793996 0.231619 0.009793996 0.231619 0.009793996 0.270543 0.1601859 0.270543 0.477933 0.304412 0.447811 0.304412 0.447811 0.324287 0.447811 0.324287 0.477933 0.324287 0.477933 0.304412 0.009793996 0.1335009 0.009793996 0.153375 0.414781 0.153375 0.414781 0.153375 0.414781 0.1335009 0.009793996 0.1335009 0.009793996 0.271703 0.01038295 0.301818 0.415371 0.301818 0.415371 0.301818 0.414782 0.271703 0.009793996 0.271703 0.009793996 0.1124669 0.009793996 0.132341 0.414781 0.132341 0.414781 0.132341 0.414781 0.1124659 0.009793996 0.1124669 0.01038295 0.334254 0.009793996 0.36437 0.414781 0.36437 0.414781 0.36437 0.41537 0.334254 0.01038295 0.334254 0.446652 0.304412 0.41653 0.304412 0.41653 0.324287 0.41653 0.324287 0.446652 0.324287 0.446652 0.304412 0.30824 0.270543 0.30824 0.231619 0.1601859 0.231619 0.1601859 0.231619 0.1601859 0.270543 0.30824 0.270543 0.41653 0.325446 0.41653 0.36437 0.566922 0.36437 0.566922 0.36437 0.566922 0.325446 0.41653 0.325446 0.566532 0.38483 0.714192 0.395646 0.715555 0.383066 0.715555 0.383066 0.567895 0.372251 0.566532 0.38483 0.1601859 0.218011 0.009793996 0.218011 0.01205796 0.2304589 0.01205796 0.2304589 0.16245 0.2304589 0.1601859 0.218011 0.990205 0.312375 0.973523 0.312375 0.973523 0.454402 0.973523 0.454402 0.990206 0.454402 0.990205 0.312375 0.93802 0.422195 0.93802 0.2479599 0.906351 0.2479599 0.906351 0.2479599 0.906351 0.422195 0.93802 0.422195 0.833001 0.253618 0.833001 0.11159 0.801332 0.11159 0.801332 0.11159 0.801332 0.253618 0.833001 0.253618 0.906285 0.5975911 0.906289 0.771827 0.937959 0.771826 0.937959 0.771826 0.937954 0.5975911 0.906285 0.5975911 0.955863 0.247959 0.93918 0.247959 0.93918 0.422195 0.93918 0.422195 0.955863 0.422194 0.955863 0.247959 0.939123 0.771828 0.955806 0.771828 0.955806 0.5975911 0.955806 0.5975911 0.939123 0.5975911 0.939123 0.771828 0.97351 0.804035 0.990192 0.804035 0.990192 0.662007 0.990192 0.662007 0.97351 0.662007 0.97351 0.804035 0.625204 0.066118 0.77877 0.066118 0.77877 0.046238 0.77877 0.046238 0.625204 0.046238 0.625204 0.066118 0.315844 0.02519702 0.1633599 0.02519702 0.1633599 0.04507702 0.1633599 0.04507702 0.315844 0.04507702 0.315844 0.02519702 0.471562 0.07765799 0.472954 0.06727802 0.319388 0.06727802 0.319388 0.06727802 0.317995 0.07765799 0.471562 0.07765799 0.47156 0.1009269 0.472952 0.111307 0.625035 0.1002519 0.625035 0.1002519 0.623642 0.089872 0.47156 0.1009269 0.317995 0.1009269 0.319388 0.111307 0.472952 0.111307 0.472952 0.111307 0.47156 0.1009269 0.317995 0.1009269 0.623644 0.08871197 0.625036 0.07833302 0.472954 0.06727802 0.472954 0.06727802 0.471562 0.07765799 0.623644 0.08871197 0.1633599 0.02519702 0.009793996 0.02519702 0.009793996 0.04507702 0.009793996 0.04507702 0.1633599 0.04507702 0.1633599 0.02519702 0.77877 0.066118 0.931254 0.066118 0.931254 0.046238 0.931254 0.046238 0.77877 0.046238 0.77877 0.066118 0.834203 0.5976 0.834256 0.638628 0.868736 0.63862 0.868736 0.63862 0.869551 0.5975911 0.834203 0.5976 0.734071 0.150959 0.725223 0.150959 0.719913 0.2325209 0.719913 0.2325209 0.729656 0.2325209 0.734071 0.150959 0.869455 0.432724 0.86952 0.350989 0.839071 0.350986 0.839071 0.350986 0.84253 0.432724 0.869455 0.432724 0.748727 0.1096029 0.758022 0.1096019 0.753969 0.06881099 0.753969 0.06881099 0.744226 0.06881201 0.748727 0.1096029 0.7576 0.2322289 0.767343 0.2322289 0.762057 0.1505889 0.762057 0.1505889 0.753208 0.15059 0.7576 0.2322289 0.86952 0.350989 0.869568 0.310007 0.835032 0.309999 0.835032 0.309999 0.839071 0.350986 0.86952 0.350989 0.738568 0.1101779 0.729273 0.1101779 0.725223 0.150959 0.725223 0.150959 0.734071 0.150959 0.738568 0.1101779 0.834309 0.679656 0.834363 0.761338 0.861246 0.761338 0.861246 0.761338 0.864711 0.679654 0.834309 0.679656 0.871007 0.5975911 0.870711 0.638626 0.903181 0.639506 0.903181 0.639506 0.905125 0.598515 0.871007 0.5975911 0.967234 0.699897 0.958396 0.700318 0.956966 0.781923 0.956966 0.781923 0.966697 0.781923 0.967234 0.699897 0.903141 0.432751 0.902189 0.351139 0.877979 0.351793 0.877979 0.351793 0.88148 0.432751 0.903141 0.432751 0.959582 0.310275 0.968867 0.310715 0.966755 0.269779 0.966755 0.269779 0.957023 0.269318 0.959582 0.310275 0.962631 0.432874 0.972363 0.432874 0.970948 0.351853 0.970948 0.351853 0.96211 0.351433 0.962631 0.432874 0.902189 0.351139 0.905191 0.31006 0.872722 0.310939 0.872722 0.310939 0.877979 0.351793 0.902189 0.351139 0.969798 0.6587401 0.960513 0.659184 0.958396 0.700318 0.958396 0.700318 0.967234 0.699897 0.969798 0.6587401 0.873726 0.679752 0.872784 0.761775 0.894445 0.761775 0.894445 0.761775 0.897937 0.680406 0.873726 0.679752 0.743066 0.06939697 0.733323 0.06939697 0.729273 0.1101779 0.729273 0.1101779 0.738568 0.1101779 0.743066 0.06939697 0.869568 0.310007 0.869616 0.269025 0.834203 0.269016 0.834203 0.269016 0.835032 0.309999 0.869568 0.310007 0.753208 0.15059 0.762057 0.1505889 0.758022 0.1096019 0.758022 0.1096019 0.748727 0.1096029 0.753208 0.15059 0.834256 0.638628 0.834309 0.679656 0.864711 0.679654 0.864711 0.679654 0.868736 0.63862 0.834256 0.638628 0.97235 0.617783 0.962618 0.618248 0.960513 0.659184 0.960513 0.659184 0.969798 0.6587401 0.97235 0.617783 0.905191 0.31006 0.904894 0.269071 0.870776 0.269995 0.870776 0.269995 0.872722 0.310939 0.905191 0.31006 0.96211 0.351433 0.970948 0.351853 0.968867 0.310715 0.968867 0.310715 0.959582 0.310275 0.96211 0.351433 0.870711 0.638626 0.873726 0.679752 0.897937 0.680406 0.897937 0.680406 0.903181 0.639506 0.870711 0.638626 0.338228 0.599509 0.340146 0.632137 0.372774 0.630219 0.372774 0.630219 0.370856 0.5975911 0.338228 0.599509 0.370856 0.5975911 0.372774 0.630219 0.42115 0.631547 0.42115 0.631547 0.422684 0.597598 0.370856 0.5975911 0.422684 0.597598 0.42115 0.631547 0.49431 0.642834 0.49431 0.642834 0.501128 0.610003 0.422684 0.597598 0.501128 0.610003 0.49431 0.642834 0.678747 0.6721881 0.678747 0.6721881 0.684191 0.645971 0.501128 0.610003 0.684191 0.645971 0.678747 0.6721881 0.822342 0.69378 0.822342 0.69378 0.823512 0.673861 0.684191 0.645971 0.340146 0.632137 0.338228 0.599509 0.287863 0.602448 0.287863 0.602448 0.290757 0.637379 0.340146 0.632137 0.290757 0.637379 0.287863 0.602448 0.122646 0.628461 0.122646 0.628461 0.1251029 0.658112 0.290757 0.637379 0.1251029 0.658112 0.122646 0.628461 0.01044297 0.646941 0.01044297 0.646941 0.009793996 0.671966 0.1251029 0.658112 0.370523 0.855247 0.338063 0.851419 0.334235 0.883879 0.334235 0.883879 0.366695 0.887707 0.370523 0.855247 0.418893 0.856757 0.370523 0.855247 0.366695 0.887707 0.366695 0.887707 0.418433 0.890737 0.418893 0.856757 0.492589 0.849778 0.418893 0.856757 0.418433 0.890737 0.418433 0.890737 0.497469 0.882953 0.492589 0.849778 0.678429 0.831288 0.492589 0.849778 0.497469 0.882953 0.497469 0.882953 0.682327 0.857779 0.678429 0.831288 0.823043 0.818152 0.678429 0.831288 0.682327 0.857779 0.682327 0.857779 0.823043 0.838106 0.823043 0.818152 0.284129 0.877992 0.334235 0.883879 0.338063 0.851419 0.338063 0.851419 0.289066 0.843291 0.284129 0.877992 0.120722 0.842337 0.284129 0.877992 0.289066 0.843291 0.289066 0.843291 0.124912 0.812881 0.120722 0.842337 0.009793996 0.817311 0.120722 0.842337 0.124912 0.812881 0.124912 0.812881 0.01061397 0.792291 0.009793996 0.817311 0.497264 0.526634 0.498386 0.502886 0.42468 0.496013 0.42468 0.496013 0.423558 0.519761 0.497264 0.526634 0.009793996 0.396806 0.009793996 0.42058 0.12325 0.428268 0.12325 0.428268 0.12325 0.404494 0.009793996 0.396806 0.340574 0.416907 0.340574 0.440681 0.373243 0.441673 0.373243 0.441673 0.373243 0.417899 0.340574 0.416907 0.342539 0.516896 0.343661 0.493148 0.293994 0.493147 0.293994 0.493147 0.292872 0.516895 0.342539 0.516896 0.290146 0.415383 0.290146 0.439158 0.340574 0.440681 0.340574 0.440681 0.340574 0.416907 0.290146 0.415383 0.504399 0.414635 0.504399 0.43841 0.690916 0.43425 0.690916 0.43425 0.690917 0.410476 0.504399 0.414635 0.683723 0.537212 0.684845 0.513464 0.498386 0.502886 0.498386 0.502886 0.497264 0.526634 0.683723 0.537212 0.373243 0.417899 0.373243 0.441673 0.425069 0.442149 0.425069 0.442149 0.425069 0.418375 0.373243 0.417899 0.292872 0.516895 0.293994 0.493147 0.127052 0.494262 0.127052 0.494262 0.12593 0.51801 0.292872 0.516895 0.549669 0.324287 0.573444 0.324287 0.566263 0.305669 0.566263 0.305669 0.542489 0.305669 0.549669 0.324287 0.423558 0.519761 0.42468 0.496013 0.376341 0.493699 0.376341 0.493699 0.375219 0.517447 0.423558 0.519761 0.12325 0.404494 0.12325 0.428268 0.290146 0.439158 0.290146 0.439158 0.290146 0.415383 0.12325 0.404494 0.690917 0.410476 0.690916 0.43425 0.833001 0.434181 0.833001 0.434181 0.833001 0.410407 0.690917 0.410476 0.3094 0.248363 0.317961 0.270543 0.342994 0.270542 0.342994 0.270542 0.334433 0.248362 0.3094 0.248363 0.375219 0.517447 0.376341 0.493699 0.343661 0.493148 0.343661 0.493148 0.342539 0.516896 0.375219 0.517447 0.828858 0.54183 0.829981 0.518082 0.684845 0.513464 0.684845 0.513464 0.683723 0.537212 0.828858 0.54183 0.425069 0.418375 0.425069 0.442149 0.504399 0.43841 0.504399 0.43841 0.504399 0.414635 0.425069 0.418375 0.12593 0.51801 0.127052 0.494262 0.01091599 0.494834 0.01091599 0.494834 0.009793996 0.518581 0.12593 0.51801 0.567896 0.1632419 0.566533 0.175821 0.714193 0.1866369 0.714193 0.1866369 0.715556 0.174058 0.567896 0.1632419 0.800172 0.253618 0.768503 0.253618 0.768503 0.395646 0.768503 0.395646 0.800172 0.395646 0.800172 0.253618 0.56919 0.2216519 0.566926 0.209203 0.416531 0.209203 0.416531 0.209203 0.418795 0.2216519 0.56919 0.2216519 0.714977 0.262895 0.566923 0.262895 0.566923 0.301818 0.566923 0.301818 0.714977 0.301818 0.714977 0.262895 0.416531 0.261735 0.566923 0.261735 0.566923 0.2228119 0.566923 0.2228119 0.416531 0.2228119 0.416531 0.261735 0.479093 0.304412 0.479093 0.324287 0.509215 0.324287 0.509215 0.324287 0.509215 0.304412 0.479093 0.304412 0.414781 0.154536 0.009793996 0.1545349 0.009793996 0.1744099 0.009793996 0.1744099 0.414781 0.1744099 0.414781 0.154536 0.41537 0.302978 0.01038295 0.302978 0.009793996 0.333094 0.009793996 0.333094 0.414781 0.333094 0.41537 0.302978 0.414781 0.1755689 0.009793996 0.17557 0.009793996 0.1954439 0.009793996 0.1954439 0.414781 0.1954429 0.414781 0.1755689 0.414781 0.36553 0.009793996 0.36553 0.01038295 0.395646 0.01038295 0.395646 0.41537 0.395645 0.414781 0.36553 0.398781 0.2404209 0.378906 0.2404209 0.378906 0.270543 0.378906 0.270543 0.398781 0.270543 0.398781 0.2404209 0.566923 0.261735 0.714977 0.261735 0.714977 0.2228119 0.714977 0.2228119 0.566923 0.2228119 0.566923 0.261735 0.566923 0.262895 0.416531 0.262895 0.416531 0.301818 0.416531 0.301818 0.566923 0.301818 0.566923 0.262895 0.715689 0.200245 0.713425 0.187797 0.566926 0.209203 0.566926 0.209203 0.56919 0.2216519 0.715689 0.200245 0.417894 0.174058 0.416531 0.1866369 0.566533 0.175821 0.566533 0.175821 0.567896 0.1632419 0.417894 0.174058 0.973523 0.454402 0.973523 0.596431 0.990206 0.596431 0.990206 0.596431 0.990206 0.454402 0.973523 0.454402 0.906351 0.596431 0.93802 0.596431 0.93802 0.422195 0.93802 0.422195 0.906351 0.422195 0.906351 0.596431 0.801332 0.395646 0.833001 0.395646 0.833001 0.253618 0.833001 0.253618 0.801332 0.253618 0.801332 0.395646 0.937959 0.771826 0.906289 0.771827 0.906294 0.946063 0.906294 0.946063 0.937963 0.946062 0.937959 0.771826 0.93918 0.422195 0.93918 0.596431 0.955863 0.596431 0.955863 0.596431 0.955863 0.422194 0.93918 0.422195 0.955805 0.946063 0.955806 0.771828 0.939123 0.771828 0.939123 0.771828 0.939123 0.946063 0.955805 0.946063 0.990192 0.946063 0.990192 0.804035 0.97351 0.804035 0.97351 0.804035 0.97351 0.946063 0.990192 0.946063 0.471561 0.066118 0.471561 0.046238 0.317995 0.046238 0.317995 0.046238 0.317995 0.066118 0.471561 0.066118 0.1633599 0.04623699 0.163359 0.066118 0.315844 0.066118 0.315844 0.066118 0.315844 0.046238 0.1633599 0.04623699 0.01118695 0.111307 0.1647509 0.111306 0.163359 0.1009269 0.163359 0.1009269 0.009793996 0.1009269 0.01118695 0.111307 0.316834 0.078332 0.1647509 0.06727802 0.163358 0.07765698 0.163358 0.07765698 0.315442 0.08871197 0.316834 0.078332 0.1647509 0.06727802 0.01118695 0.06727802 0.009793996 0.07765698 0.009793996 0.07765698 0.163358 0.07765698 0.1647509 0.06727802 0.1647509 0.111306 0.316835 0.100251 0.315443 0.089872 0.315443 0.089872 0.163359 0.1009269 0.1647509 0.111306 0.009793996 0.04623699 0.009793996 0.06611698 0.163359 0.066118 0.163359 0.066118 0.1633599 0.04623699 0.009793996 0.04623699 0.624045 0.066118 0.624045 0.046238 0.471561 0.046238 0.471561 0.046238 0.471561 0.066118 0.624045 0.066118 0.868736 0.884056 0.834256 0.884048 0.834203 0.925076 0.834203 0.925076 0.869551 0.925086 0.868736 0.884056 0.719913 0.2325209 0.725223 0.314083 0.734071 0.314083 0.734071 0.314083 0.729656 0.2325209 0.719913 0.2325209 0.839071 0.5144611 0.86952 0.514458 0.869455 0.432724 0.869455 0.432724 0.84253 0.432724 0.839071 0.5144611 0.753968 0.395646 0.758022 0.354855 0.748726 0.354854 0.748726 0.354854 0.744226 0.395644 0.753968 0.395646 0.762056 0.313868 0.767343 0.2322289 0.7576 0.2322289 0.7576 0.2322289 0.753208 0.313868 0.762056 0.313868 0.835032 0.555448 0.869568 0.55544 0.86952 0.514458 0.86952 0.514458 0.839071 0.5144611 0.835032 0.555448 0.725223 0.314083 0.729273 0.354865 0.738568 0.354865 0.738568 0.354865 0.734071 0.314083 0.725223 0.314083 0.861246 0.761338 0.834363 0.761338 0.834308 0.84302 0.834308 0.84302 0.864711 0.843022 0.861246 0.761338 0.903181 0.884043 0.870711 0.884923 0.871007 0.925959 0.871007 0.925959 0.905125 0.925034 0.903181 0.884043 0.956966 0.781923 0.958396 0.863528 0.967234 0.863949 0.967234 0.863949 0.966697 0.781923 0.956966 0.781923 0.877979 0.513709 0.90219 0.514363 0.903141 0.432751 0.903141 0.432751 0.88148 0.432751 0.877979 0.513709 0.966755 0.595969 0.968867 0.5550341 0.959582 0.5554741 0.959582 0.5554741 0.957023 0.596431 0.966755 0.595969 0.970948 0.513895 0.972363 0.432874 0.962631 0.432874 0.962631 0.432874 0.96211 0.514316 0.970948 0.513895 0.872722 0.554562 0.905191 0.555442 0.90219 0.514363 0.90219 0.514363 0.877979 0.513709 0.872722 0.554562 0.958396 0.863528 0.960513 0.904662 0.969798 0.905106 0.969798 0.905106 0.967234 0.863949 0.958396 0.863528 0.894445 0.761775 0.872784 0.761775 0.873726 0.843797 0.873726 0.843797 0.897937 0.843143 0.894445 0.761775 0.729273 0.354865 0.733323 0.395646 0.743066 0.395646 0.743066 0.395646 0.738568 0.354865 0.729273 0.354865 0.834203 0.596431 0.869616 0.596422 0.869568 0.55544 0.869568 0.55544 0.835032 0.555448 0.834203 0.596431 0.758022 0.354855 0.762056 0.313868 0.753208 0.313868 0.753208 0.313868 0.748726 0.354854 0.758022 0.354855 0.864711 0.843022 0.834308 0.84302 0.834256 0.884048 0.834256 0.884048 0.868736 0.884056 0.864711 0.843022 0.960513 0.904662 0.962618 0.945598 0.97235 0.946063 0.97235 0.946063 0.969798 0.905106 0.960513 0.904662 0.870776 0.595507 0.904895 0.596431 0.905191 0.555442 0.905191 0.555442 0.872722 0.554562 0.870776 0.595507 0.968867 0.5550341 0.970948 0.513895 0.96211 0.514316 0.96211 0.514316 0.959582 0.5554741 0.968867 0.5550341 0.897937 0.843143 0.873726 0.843797 0.870711 0.884923 0.870711 0.884923 0.903181 0.884043 0.897937 0.843143</float_array>
          <technique_common>
            <accessor source="#defaultMaterial-mesh-map-0-array" count="1056" stride="2">
              <param name="S" type="float"/>
              <param name="T" type="float"/>
            </accessor>
          </technique_common>
        </source>
        <vertices id="defaultMaterial-mesh-vertices">
          <input semantic="POSITION" source="#defaultMaterial-mesh-positions"/>
        </vertices>
        <triangles material="Material_002-material" count="352">
          <input semantic="VERTEX" source="#defaultMaterial-mesh-vertices" offset="0"/>
          <input semantic="NORMAL" source="#defaultMaterial-mesh-normals" offset="1"/>
          <input semantic="TEXCOORD" source="#defaultMaterial-mesh-map-0" offset="2" set="0"/>
          <p>3 0 0 0 0 1 1 0 2 1 1 3 2 1 4 3 1 5 5 2 6 3 2 7 2 2 8 2 3 9 4 3 10 5 3 11 7 4 12 5 4 13 4 4 14 4 5 15 6 5 16 7 5 17 11 6 18 8 6 19 9 6 20 9 7 21 10 7 22 11 7 23 15 8 24 12 9 25 13 10 26 13 10 27 14 11 28 15 8 29 17 12 30 1 12 31 0 12 32 0 13 33 16 13 34 17 13 35 19 14 36 17 14 37 16 14 38 16 15 39 18 15 40 19 15 41 21 16 42 19 16 43 18 16 44 18 17 45 20 17 46 21 17 47 25 18 48 22 18 49 23 18 50 23 18 51 24 18 52 25 18 53 24 18 54 23 18 55 26 18 56 26 18 57 27 18 58 24 18 59 27 19 60 26 19 61 28 19 62 28 18 63 29 18 64 27 18 65 33 20 66 30 20 67 31 20 68 31 21 69 32 21 70 33 21 71 37 22 72 34 23 73 35 24 74 35 24 75 36 25 76 37 22 77 22 18 78 25 18 79 38 18 80 38 18 81 39 18 82 22 18 83 39 26 84 38 26 85 40 26 86 40 27 87 41 27 88 39 27 89 41 28 90 40 28 91 42 28 92 42 29 93 43 29 94 41 29 95 47 30 96 44 30 97 45 30 98 45 31 99 46 31 100 47 31 101 51 32 102 48 32 103 49 32 104 49 33 105 50 33 106 51 33 107 55 34 108 52 34 109 53 34 110 53 35 111 54 35 112 55 35 113 59 36 114 56 36 115 57 36 116 57 37 117 58 37 118 59 37 119 63 38 120 60 38 121 61 38 122 61 39 123 62 39 124 63 39 125 67 40 126 64 40 127 65 40 128 65 41 129 66 41 130 67 41 131 71 42 132 68 42 133 69 42 134 69 43 135 70 43 136 71 43 137 75 44 138 72 44 139 73 44 140 73 45 141 74 45 142 75 45 143 79 46 144 76 46 145 77 46 146 77 47 147 78 47 148 79 47 149 83 48 150 80 48 151 81 48 152 81 49 153 82 49 154 83 49 155 87 50 156 84 50 157 85 50 158 85 51 159 86 51 160 87 51 161 91 52 162 88 52 163 89 52 164 89 53 165 90 53 166 91 53 167 95 54 168 92 54 169 93 54 170 93 55 171 94 55 172 95 55 173 99 56 174 96 56 175 97 56 176 97 57 177 98 57 178 99 57 179 103 58 180 100 58 181 101 58 182 101 58 183 102 58 184 103 58 185 107 59 186 104 59 187 105 59 188 105 60 189 106 60 190 107 60 191 111 61 192 108 61 193 109 61 194 109 62 195 110 62 196 111 62 197 115 63 198 112 63 199 113 63 200 113 64 201 114 64 202 115 64 203 119 65 204 116 65 205 117 65 206 117 65 207 118 65 208 119 65 209 123 66 210 120 66 211 121 66 212 121 66 213 122 66 214 123 66 215 127 67 216 124 67 217 125 67 218 125 67 219 126 67 220 127 67 221 131 68 222 128 68 223 129 68 224 129 69 225 130 69 226 131 69 227 135 70 228 132 70 229 133 70 230 133 71 231 134 71 232 135 71 233 139 67 234 136 67 235 137 67 236 137 67 237 138 67 238 139 67 239 143 72 240 140 72 241 141 72 242 141 73 243 142 73 244 143 73 245 147 18 246 144 18 247 145 18 248 145 18 249 146 18 250 147 18 251 151 74 252 148 74 253 149 74 254 149 75 255 150 75 256 151 75 257 155 76 258 152 76 259 153 76 260 153 76 261 154 76 262 155 76 263 159 65 264 156 65 265 157 65 266 157 65 267 158 65 268 159 65 269 163 77 270 160 77 271 161 77 272 161 78 273 162 78 274 163 78 275 167 79 276 164 79 277 165 79 278 165 80 279 166 80 280 167 80 281 124 67 282 168 67 283 169 67 284 169 67 285 125 67 286 124 67 287 116 65 288 170 65 289 171 65 290 171 65 291 117 65 292 116 65 293 175 67 294 172 67 295 173 67 296 173 81 297 174 81 298 175 81 299 179 82 300 176 82 301 177 82 302 177 83 303 178 83 304 179 83 305 183 84 306 180 84 307 181 84 308 181 84 309 182 84 310 183 84 311 187 85 312 184 85 313 185 85 314 185 86 315 186 86 316 187 86 317 191 67 318 188 67 319 189 67 320 189 67 321 190 67 322 191 67 323 195 65 324 192 65 325 193 65 326 193 65 327 194 65 328 195 65 329 199 65 330 196 65 331 197 65 332 197 65 333 198 65 334 199 65 335 203 87 336 200 87 337 201 87 338 201 88 339 202 88 340 203 88 341 207 89 342 204 89 343 205 89 344 205 90 345 206 90 346 207 90 347 211 67 348 208 67 349 209 67 350 209 67 351 210 67 352 211 67 353 215 65 354 212 65 355 213 65 356 213 65 357 214 65 358 215 65 359 217 65 360 216 65 361 212 65 362 212 65 363 215 65 364 217 65 365 219 67 366 218 67 367 208 67 368 208 67 369 211 67 370 219 67 371 223 91 372 220 92 373 221 93 374 221 93 375 222 94 376 223 91 377 227 95 378 224 95 379 225 95 380 225 96 381 226 96 382 227 96 383 231 97 384 228 97 385 229 97 386 229 98 387 230 98 388 231 98 389 235 99 390 232 99 391 233 99 392 233 100 393 234 100 394 235 100 395 239 101 396 236 102 397 237 103 398 237 103 399 238 104 400 239 101 401 243 105 402 240 105 403 241 105 404 241 106 405 242 106 406 243 106 407 247 107 408 244 108 409 245 109 410 245 110 411 246 111 412 247 112 413 251 113 414 248 114 415 249 115 416 249 115 417 250 116 418 251 113 419 253 117 420 252 117 421 232 117 422 232 118 423 235 118 424 253 118 425 257 119 426 254 120 427 255 121 428 255 121 429 256 122 430 257 119 431 261 123 432 258 123 433 259 123 434 259 124 435 260 124 436 261 124 437 265 125 438 262 126 439 263 127 440 263 127 441 264 128 442 265 125 443 269 129 444 266 129 445 267 129 446 267 130 447 268 130 448 269 130 449 273 131 450 270 131 451 271 131 452 271 132 453 272 132 454 273 132 455 277 133 456 274 134 457 275 135 458 275 135 459 276 136 460 277 133 461 281 137 462 278 138 463 279 139 464 279 140 465 280 141 466 281 142 467 285 143 468 282 144 469 283 145 470 283 145 471 284 146 472 285 143 473 289 147 474 286 147 475 287 147 476 287 148 477 288 148 478 289 148 479 291 149 480 290 149 481 252 149 482 252 150 483 253 150 484 291 150 485 295 151 486 292 151 487 293 151 488 293 152 489 294 152 490 295 152 491 299 153 492 296 154 493 297 155 494 297 155 495 298 156 496 299 153 497 303 157 498 300 158 499 301 159 500 301 159 501 302 160 502 303 157 503 307 161 504 304 161 505 305 161 506 305 162 507 306 162 508 307 162 509 311 163 510 308 163 511 309 163 512 309 164 513 310 164 514 311 164 515 315 165 516 312 166 517 313 167 518 313 167 519 314 168 520 315 165 521 319 169 522 316 170 523 317 171 524 317 172 525 318 173 526 319 174 527 323 175 528 320 175 529 321 175 530 321 176 531 322 176 532 323 176 533 322 177 534 321 177 535 324 177 536 324 18 537 325 18 538 322 18 539 325 18 540 324 18 541 326 18 542 326 178 543 327 178 544 325 178 545 331 179 546 328 179 547 329 179 548 329 180 549 330 180 550 331 180 551 335 181 552 332 182 553 333 183 554 333 183 555 334 184 556 335 181 557 320 18 558 323 18 559 336 18 560 336 18 561 337 18 562 320 18 563 337 18 564 336 18 565 338 18 566 338 18 567 339 18 568 337 18 569 339 18 570 338 18 571 340 18 572 340 185 573 341 185 574 339 185 575 345 186 576 342 186 577 343 186 578 343 187 579 344 187 580 345 187 581 347 188 582 345 188 583 344 188 584 344 189 585 346 189 586 347 189 587 349 190 588 347 190 589 346 190 590 346 191 591 348 191 592 349 191 593 353 192 594 350 192 595 351 192 596 351 193 597 352 193 598 353 193 599 357 194 600 354 195 601 355 196 602 355 196 603 356 197 604 357 194 605 359 198 606 343 198 607 342 198 608 342 76 609 358 76 610 359 76 611 361 199 612 359 199 613 358 199 614 358 200 615 360 200 616 361 200 617 363 201 618 361 201 619 360 201 620 360 202 621 362 202 622 363 202 623 367 203 624 364 203 625 365 203 626 365 204 627 366 204 628 367 204 629 371 205 630 368 205 631 369 205 632 369 206 633 370 206 634 371 206 635 375 207 636 372 207 637 373 207 638 373 208 639 374 208 640 375 208 641 379 209 642 376 209 643 377 209 644 377 210 645 378 210 646 379 210 647 383 211 648 380 211 649 381 211 650 381 212 651 382 212 652 383 212 653 387 213 654 384 213 655 385 213 656 385 214 657 386 214 658 387 214 659 391 215 660 388 215 661 389 215 662 389 216 663 390 216 664 391 216 665 395 217 666 392 217 667 393 217 668 393 218 669 394 218 670 395 218 671 399 219 672 396 219 673 397 219 674 397 220 675 398 220 676 399 220 677 403 221 678 400 221 679 401 221 680 401 222 681 402 222 682 403 222 683 407 223 684 404 223 685 405 223 686 405 224 687 406 224 688 407 224 689 411 225 690 408 225 691 409 225 692 409 226 693 410 226 694 411 226 695 415 227 696 412 227 697 413 227 698 413 228 699 414 228 700 415 228 701 419 229 702 416 229 703 417 229 704 417 230 705 418 230 706 419 230 707 423 231 708 420 231 709 421 231 710 421 232 711 422 232 712 423 232 713 427 233 714 424 233 715 425 233 716 425 234 717 426 234 718 427 234 719 431 235 720 428 235 721 429 235 722 429 236 723 430 236 724 431 236 725 435 237 726 432 237 727 433 237 728 433 238 729 434 238 730 435 238 731 439 65 732 436 65 733 437 65 734 437 65 735 438 65 736 439 65 737 121 66 738 120 66 739 440 66 740 440 66 741 441 66 742 121 66 743 445 67 744 442 67 745 443 67 746 443 67 747 444 67 748 445 67 749 449 239 750 446 239 751 447 239 752 447 240 753 448 240 754 449 240 755 453 241 756 450 241 757 451 241 758 451 242 759 452 242 760 453 242 761 457 67 762 454 67 763 455 67 764 455 67 765 456 67 766 457 67 767 461 243 768 458 243 769 459 243 770 459 244 771 460 244 772 461 244 773 465 76 774 462 76 775 463 76 776 463 76 777 464 76 778 465 76 779 469 245 780 466 245 781 467 245 782 467 246 783 468 246 784 469 246 785 473 18 786 470 18 787 471 18 788 471 18 789 472 18 790 473 18 791 477 65 792 474 65 793 475 65 794 475 65 795 476 65 796 477 65 797 481 247 798 478 247 799 479 247 800 479 248 801 480 248 802 481 248 803 485 249 804 482 249 805 483 249 806 483 250 807 484 250 808 485 250 809 487 67 810 486 67 811 442 67 812 442 67 813 445 67 814 487 67 815 489 65 816 488 65 817 436 65 818 436 65 819 439 65 820 489 65 821 173 67 822 490 67 823 491 67 824 491 251 825 174 251 826 173 251 827 493 252 828 492 252 829 179 252 830 179 253 831 178 253 832 493 253 833 495 84 834 494 84 835 183 84 836 183 84 837 182 84 838 495 84 839 185 254 840 184 254 841 496 254 842 496 254 843 497 254 844 185 254 845 189 67 846 498 67 847 499 67 848 499 67 849 190 67 850 189 67 851 501 65 852 192 65 853 195 65 854 195 65 855 500 65 856 501 65 857 503 65 858 196 65 859 199 65 860 199 65 861 502 65 862 503 65 863 507 255 864 504 256 865 505 257 866 505 257 867 506 258 868 507 255 869 511 259 870 508 259 871 509 259 872 509 260 873 510 260 874 511 260 875 515 67 876 512 67 877 513 67 878 513 67 879 514 67 880 515 67 881 519 65 882 516 65 883 517 65 884 517 65 885 518 65 886 519 65 887 516 65 888 520 65 889 521 65 890 521 65 891 517 65 892 516 65 893 512 67 894 522 67 895 523 67 896 523 67 897 513 67 898 512 67 899 527 261 900 524 262 901 525 263 902 525 263 903 526 264 904 527 261 905 531 265 906 528 265 907 529 265 908 529 266 909 530 266 910 531 266 911 535 267 912 532 267 913 533 267 914 533 268 915 534 268 916 535 268 917 233 269 918 536 269 919 537 269 920 537 270 921 234 270 922 233 270 923 541 271 924 538 272 925 539 273 926 539 273 927 540 274 928 541 271 929 545 275 930 542 275 931 543 275 932 543 276 933 544 276 934 545 276 935 549 277 936 546 277 937 547 277 938 547 278 939 548 279 940 549 280 941 553 281 942 550 282 943 551 283 944 551 283 945 552 284 946 553 281 947 536 285 948 554 285 949 555 285 950 555 286 951 537 286 952 536 286 953 559 287 954 556 288 955 557 289 956 557 289 957 558 290 958 559 287 959 563 291 960 560 291 961 561 291 962 561 292 963 562 292 964 563 292 965 567 293 966 564 294 967 565 295 968 565 295 969 566 296 970 567 293 971 571 297 972 568 297 973 569 297 974 569 298 975 570 298 976 571 298 977 575 299 978 572 299 979 573 299 980 573 300 981 574 300 982 575 300 983 579 301 984 576 302 985 577 303 986 577 303 987 578 304 988 579 301 989 583 305 990 580 306 991 581 307 992 581 307 993 582 308 994 583 305 995 587 309 996 584 310 997 585 311 998 585 311 999 586 312 1000 587 309 1001 591 313 1002 588 313 1003 589 313 1004 589 314 1005 590 314 1006 591 314 1007 554 315 1008 592 315 1009 593 315 1010 593 316 1011 555 316 1012 554 316 1013 597 317 1014 594 317 1015 595 317 1016 595 318 1017 596 319 1018 597 320 1019 601 321 1020 598 322 1021 599 323 1022 599 324 1023 600 325 1024 601 326 1025 605 327 1026 602 328 1027 603 329 1028 603 329 1029 604 330 1030 605 327 1031 609 331 1032 606 331 1033 607 331 1034 607 332 1035 608 332 1036 609 332 1037 613 333 1038 610 333 1039 611 333 1040 611 334 1041 612 334 1042 613 334 1043 617 335 1044 614 336 1045 615 337 1046 615 337 1047 616 338 1048 617 335 1049 621 339 1050 618 339 1051 619 339 1052 619 340 1053 620 340 1054 621 341 1055</p>
        </triangles>
      </mesh>
    </geometry>
  </library_geometries>
  <library_visual_scenes>
    <visual_scene id="Scene" name="Scene">
      <node id="Sketchfab_model" name="Sketchfab_model" type="NODE">
        <matrix sid="transform">-1.34359e-7 0 1 0 0 1 0 0 -1 0 -1.34359e-7 0 0 0 0 1</matrix>
        <node id="Collada_visual_scene_group" name="Collada visual scene group" type="NODE">
          <matrix sid="transform">-1.34359e-7 0 -1 0 0 1 0 0 1 0 -1.34359e-7 0 0 0 0 1</matrix>
          <node id="Plane_Plane_001" name="Plane_Plane.001" type="NODE">
            <matrix sid="transform">1 0 0 0 0 1 0 0 0 0 1 0 0 0 0 1</matrix>
            <node id="defaultMaterial" name="defaultMaterial" type="NODE">
              <matrix sid="transform">1 0 0 0 0 1 0 0 0 0 1 0 0 0 0 1</matrix>
              <instance_geometry url="#defaultMaterial-mesh" name="defaultMaterial">
                <bind_material>
                  <technique_common>
                    <instance_material symbol="Material_002-material" target="#Material_002-material">
                      <bind_vertex_input semantic="UVMap" input_semantic="TEXCOORD" input_set="0"/>
                    </instance_material>
                  </technique_common>
                </bind_material>
              </instance_geometry>
            </node>
          </node>
          <node id="Cube_Cube_003" name="Cube_Cube.003" type="NODE">
            <matrix sid="transform">1 0 0 0 0 1 0 0 0 0 1 0 0 0 0 1</matrix>
            <node id="defaultMaterial_001" name="defaultMaterial.001" type="NODE">
              <matrix sid="transform">1 0 0 0 0 1 0 0 0 0 1 0 0 0 0 1</matrix>
              <instance_geometry url="#defaultMaterial_001-mesh" name="defaultMaterial.001">
                <bind_material>
                  <technique_common>
                    <instance_material symbol="Material_003-material" target="#Material_003-material">
                      <bind_vertex_input semantic="UVMap" input_semantic="TEXCOORD" input_set="0"/>
                    </instance_material>
                  </technique_common>
                </bind_material>
              </instance_geometry>
            </node>
          </node>
        </node>
      </node>
      <node id="Camera" name="Camera" type="NODE">
        <matrix sid="transform">0.3054208 -0.7276763 -0.6141704 -6.925791 0.3240135 0.6859207 -0.6515582 -7.358891 0.8953956 0 0.4452714 4.958309 0 0 0 1</matrix>
        <instance_camera url="#Camera-camera"/>
      </node>
      <node id="Light" name="Light" type="NODE">
        <matrix sid="transform">-0.1998834 -0.9551712 0.2183912 1.005454 0.7711008 -0.2908646 -0.5663932 -4.076245 0.6045247 0.05518906 0.7946723 5.903862 0 0 0 1</matrix>
        <instance_light url="#Light-light"/>
      </node>
    </visual_scene>
  </library_visual_scenes>
  <scene>
    <instance_visual_scene url="#Scene"/>
  </scene>
</COLLADA>